District,City,Area,Address,PG_Name,Gender,Food,Sharing,AC,Distance_km,Latitude,Longitude,Budget
East Godavari,Rajahmundry,Danavaipeta,"Back side of Abhaya Hospital, Syamalanagar",Mythri Ladies hostel,Female,Yes,4 Sharing,No,3.3,17.01551,81.33442281,5000
East Godavari,Rajahmundry,Danavaipeta,"Back side of Abhaya Hospital, Syamalanagar",Mythri Ladies hostel,Female,No,4 Sharing,No,3.3,17.01551,81.33442281,4000
East Godavari,Rajahmundry,Danavaipeta,"Back side of Abhaya Hospital, Syamalanagar",Mythri Ladies hostel,Female,Yes,2 Sharing,Yes,3.3,17.01551,81.33442281,8000
East Godavari,Rajahmundry,Danavaipeta,"Back side of Abhaya Hospital, Syamalanagar",Mythri Ladies hostel,Female,Yes,2 Sharing,No,3.3,17.01551,81.33442281,7000
East Godavari,Rajahmundry,Danavaipeta,"Back side of Abhaya Hospital, Syamalanagar",Mythri Ladies hostel,Female,Yes,3 Sharing,No,3.3,17.01551,81.33442281,6500
East Godavari,Rajahmundry,Danavaipeta,Near Partha Saradi Hospital Opp Sri Chaitanya Woman Junior College,Haripriya Girls Hostel,Female,Yes,Single,No,3.3,17.01551,81.33442281,7000
East Godavari,Rajahmundry,Danavaipeta,Near Partha Saradi Hospital Opp Sri Chaitanya Woman Junior College,Haripriya Girls Hostel,Female,No,4 Sharing,No,3.3,17.01551,81.33442281,5000
East Godavari,Rajahmundry,Danavaipeta,Near Partha Saradi Hospital Opp Sri Chaitanya Woman Junior College,Haripriya Girls Hostel,Female,Yes,4 Sharing,No,3.3,17.01551,81.33442281,6500
East Godavari,Rajahmundry,Danavaipeta,Near Partha Saradi Hospital Opp Sri Chaitanya Woman Junior College,Haripriya Girls Hostel,Female,Yes,2 Sharing,No,3.3,17.01551,81.33442281,7500
East Godavari,Rajahmundry,Danavaipeta,"SKVT School Road, Danavaipeta",Satya Sai Ladies Hostel,Female,Yes,Single,No,3.3,17.01551,81.33442281,8000
East Godavari,Rajahmundry,Danavaipeta,"SKVT School Road, Danavaipeta",Satya Sai Ladies Hostel,Female,Yes,3 Sharing,No,3.3,17.01551,81.33442281,6500
East Godavari,Rajahmundry,Danavaipeta,"SKVT School Road, Danavaipeta",Satya Sai Ladies Hostel,Female,Yes,4 Sharing,No,3.3,17.01551,81.33442281,5500
East Godavari,Rajahmundry,Danavaipeta,"Near Tipsy Topsy, Danavaipeta",Subhodaya Girls Hostel,Female,No,Single,No,3.3,17.01551,81.33442281,8000
East Godavari,Rajahmundry,Danavaipeta,"Near Tipsy Topsy, Danavaipeta",Subhodaya Girls Hostel,Female,No,2 Sharing,No,3.3,17.01551,81.33442281,7000
East Godavari,Rajahmundry,Danavaipeta,"Near Tipsy Topsy, Danavaipeta",Subhodaya Girls Hostel,Female,Yes,Single,No,3.3,17.01551,81.33442281,9000
East Godavari,Rajahmundry,Danavaipeta,"Near Tipsy Topsy, Danavaipeta",Subhodaya Boys Hostel,Male,Yes,Single,No,3.3,17.01551,81.33442281,9000
East Godavari,Rajahmundry,Danavaipeta,"Near Tipsy Topsy, Danavaipeta",Subhodaya Boys Hostel,Male,Yes,2 Sharing,No,3.3,17.01551,81.33442281,7500
East Godavari,Rajahmundry,Danavaipeta,"Near Tipsy Topsy, Danavaipeta",Subhodaya Boys Hostel,Male,No,2 Sharing,No,3.3,17.01551,81.33442281,5500
East Godavari,Rajahmundry,Danavaipeta,"Near Tipsy Topsy, Danavaipeta",Subhodaya Boys Hostel,Male,Yes,4 Sharing,No,3.3,17.01551,81.33442281,7000
East Godavari,Rajahmundry,Danavaipeta,"Near Tipsy Topsy, Danavaipeta",Subhodaya Boys Hostel,Male,Yes,3 Sharing,No,3.3,17.01551,81.33442281,6500
East Godavari,Rajahmundry,Danavaipeta,"Chinna Anjaneya Swamy Temple Road beside Max Vision Eye Hospital, Danavaipeta",Sri RK Hostel,Male,No,3 Sharing,No,3.3,17.01551,81.33442281,5000
East Godavari,Rajahmundry,Danavaipeta,"Chinna Anjaneya Swamy Temple Road beside Max Vision Eye Hospital, Danavaipeta",Sri RK Hostel,Male,Yes,3 Sharing,No,3.3,17.01551,81.33442281,4900
East Godavari,Rajahmundry,Danavaipeta,"Chinna Anjaneya Swamy Temple Road beside Max Vision Eye Hospital, Danavaipeta",Sri RK Hostel,Male,No,Single,No,3.3,17.01551,81.33442281,6500
East Godavari,Rajahmundry,Danavaipeta,"Chinna Anjaneya Swamy Temple Road beside Max Vision Eye Hospital, Danavaipeta",Sri RK Hostel,Male,Yes,Single,Yes,3.3,17.01551,81.33442281,12000
East Godavari,Rajahmundry,Prakashnagar,"1st Floor, Sai Saden Apartment, Krishna Kalyani Road near Women's Club, Prakash Nagar, Rajahmundry",Mary's Hostel,Female,Yes,4 Sharing,Yes,2.5,17.01551,81.33442281,4500
East Godavari,Rajahmundry,Prakashnagar,"1st Floor, Sai Saden Apartment, Krishna Kalyani Road near Women's Club, Prakash Nagar, Rajahmundry",Mary's Hostel,Female,No,2 Sharing,Yes,2.5,17.01551,81.33442281,6500
East Godavari,Rajahmundry,Prakashnagar,"1st Floor, Sai Saden Apartment, Krishna Kalyani Road near Women's Club, Prakash Nagar, Rajahmundry",Mary's Hostel,Female,Yes,3 Sharing,No,2.5,17.01551,81.33442281,7000
East Godavari,Rajahmundry,Prakashnagar,"1st Floor, Sai Saden Apartment, Krishna Kalyani Road near Women's Club, Prakash Nagar, Rajahmundry",Mary's Hostel,Female,Yes,2 Sharing,No,2.5,17.01551,81.33442281,7500
East Godavari,Rajahmundry,Prakashnagar,"1st Floor, Sai Saden Apartment, Krishna Kalyani Road near Women's Club, Prakash Nagar, Rajahmundry",Mary's Hostel,Female,Yes,Single,No,2.5,17.01551,81.33442281,8000
East Godavari,Rajahmundry,Prakashnagar,Primarily located in Prakash Nagar (near Meenakshi Hospital/Nagadevi Theater).,Sri Vijaya Ladies Hostel,Female,No,2 Sharing,Yes,2.5,17.01551,81.33442281,7500
East Godavari,Rajahmundry,Prakashnagar,Primarily located in Prakash Nagar (near Meenakshi Hospital/Nagadevi Theater).,Sri Vijaya Ladies Hostel,Female,Yes,4 Sharing,No,2.5,17.01551,81.33442281,5500
East Godavari,Rajahmundry,Prakashnagar,Primarily located in Prakash Nagar (near Meenakshi Hospital/Nagadevi Theater).,Sri Vijaya Ladies Hostel,Female,Yes,3 Sharing,No,2.5,17.01551,81.33442281,6000
East Godavari,Rajahmundry,Prakashnagar,Primarily located in Prakash Nagar (near Meenakshi Hospital/Nagadevi Theater).,Sri Vijaya Ladies Hostel,Female,No,3 Sharing,No,2.5,17.01551,81.33442281,5500
East Godavari,Rajahmundry,Prakashnagar,Primarily located in Prakash Nagar (near Meenakshi Hospital/Nagadevi Theater).,Sri Vijaya Ladies Hostel,Female,Yes,2 Sharing,No,2.5,17.01551,81.33442281,7500
East Godavari,Rajahmundry,Prakashnagar,Primarily located in Prakash Nagar (near Meenakshi Hospital/Nagadevi Theater).,Sri Vijaya Ladies Hostel,Female,No,Single,No,2.5,17.01551,81.33442281,6000
East Godavari,Rajahmundry,Prakashnagar,Near Partha Saradi Hospital Opp Sri Chaitanya Woman Junior College,Haripriya Boys Hostel,Male,Yes,Single,No,2.5,17.01551,81.33442281,7000
East Godavari,Rajahmundry,Prakashnagar,Near Partha Saradi Hospital Opp Sri Chaitanya Woman Junior College,Haripriya Boys Hostel,Male,No,3 Sharing,No,2.5,17.01551,81.33442281,6500
East Godavari,Rajahmundry,Prakashnagar,Near Partha Saradi Hospital Opp Sri Chaitanya Woman Junior College,Haripriya Boys Hostel,Male,Yes,3 Sharing,No,2.5,17.01551,81.33442281,5000
East Godavari,Rajahmundry,Prakashnagar,Near Partha Saradi Hospital Opp Sri Chaitanya Woman Junior College,Haripriya Boys Hostel,Male,Yes,2 Sharing,Yes,2.5,17.01551,81.33442281,6500
East Godavari,Rajahmundry,Prakashnagar,"Door No:74-1-8, Opposite Womens College hostel Gate beside TTD Kalayamadapam Road, Prakash Nagar, Rajahmundry-533103.",Manasa Boys Hostel,Male,Yes,4 Sharing,No,2.5,17.01551,81.33442281,5500
East Godavari,Rajahmundry,Prakashnagar,"Door No:74-1-8, Opposite Womens College hostel Gate beside TTD Kalayamadapam Road, Prakash Nagar, Rajahmundry-533103.",Manasa Boys Hostel,Male,Yes,2 Sharing,No,2.5,17.01551,81.33442281,7500
East Godavari,Rajahmundry,Prakashnagar,"Door No:74-1-8, Opposite Womens College hostel Gate beside TTD Kalayamadapam Road, Prakash Nagar, Rajahmundry-533103.",Manasa Boys Hostel,Male,Yes,3 Sharing,No,2.5,17.01551,81.33442281,7000
East Godavari,Rajahmundry,Prakashnagar,"Door No:74-1-8, Opposite Womens College hostel Gate beside TTD Kalayamadapam Road, Prakash Nagar, Rajahmundry-533103.",Manasa Boys Hostel,Male,Yes,Single,No,2.5,17.01551,81.33442281,8000
East Godavari,Rajahmundry,Prakashnagar,"Door No:74-1-8, Opposite Womens College hostel Gate beside TTD Kalayamadapam Road, Prakash Nagar, Rajahmundry-533103.",Manasa Boys Hostel,Male,No,4 Sharing,No,2.5,17.01551,81.33442281,4000
East Godavari,Rajahmundry,Prakashnagar,"Door No:74-1-8, Opposite Womens College hostel Gate beside TTD Kalayamadapam Road, Prakash Nagar, Rajahmundry-533103.",Manasa Boys Hostel,Male,No,2 Sharing,No,2.5,17.01551,81.33442281,5000
East Godavari,Rajahmundry,Prakashnagar,"Sri Sai Apartments, 3rd floor flat no P6, KLM Back Side Street Danavaipeta, Rajahmundry-533103",Geetha Women's Hostel,Female,Yes,4 Sharing,Yes,2.5,17.01551,81.33442281,4000
East Godavari,Rajahmundry,Prakashnagar,"Sri Sai Apartments, 3rd floor flat no P6, KLM Back Side Street Danavaipeta, Rajahmundry-533103",Geetha Women's Hostel,Female,Yes,2 Sharing,No,2.5,17.01551,81.33442281,6000
East Godavari,Rajahmundry,Prakashnagar,"Sri Sai Apartments, 3rd floor flat no P6, KLM Back Side Street Danavaipeta, Rajahmundry-533103",Geetha Women's Hostel,Female,Yes,Single,Yes,2.5,17.01551,81.33442281,12000
East Godavari,Rajahmundry,Prakashnagar,"Sri Sai Apartments, 3rd floor flat no P6, KLM Back Side Street Danavaipeta, Rajahmundry-533103",Geetha Women's Hostel,Female,Yes,Single,No,2.5,17.01551,81.33442281,8000
East Godavari,Rajahmundry,Prakashnagar,"Sri Sai Apartments, 3rd floor flat no P6, KLM Back Side Street Danavaipeta, Rajahmundry-533103",Geetha Women's Hostel,Female,Yes,3 Sharing,No,2.5,17.01551,81.33442281,5500
East Godavari,Rajahmundry,Prakashnagar,Near Partha Saradi Hospital Opp Sri Chaitanya Woman Junior College,Haripriya Girls Hostel,Female,Yes,2 Sharing,No,2.5,17.01551,81.33442281,5000
East Godavari,Rajahmundry,Prakashnagar,Near Partha Saradi Hospital Opp Sri Chaitanya Woman Junior College,Haripriya Girls Hostel,Female,Yes,3 Sharing,No,2.5,17.01551,81.33442281,6500
East Godavari,Rajahmundry,Prakashnagar,Near Partha Saradi Hospital Opp Sri Chaitanya Woman Junior College,Haripriya Girls Hostel,Female,Yes,Single,No,2.5,17.01551,81.33442281,8000
East Godavari,Rajahmundry,Prakashnagar,"Door No: 46/7/26/1, Near Green Park Family Restaurent, Prakashnagar, East Godavari-533106.",KV Womens Hostel,Female,Yes,4 Sharing,No,2.5,17.01551,81.33442281,5500
East Godavari,Rajahmundry,Prakashnagar,"Door No: 46/7/26/1, Near Green Park Family Restaurent, Prakashnagar, East Godavari-533106.",KV Womens Hostel,Female,No,3 Sharing,No,2.5,17.01551,81.33442281,4000
East Godavari,Rajahmundry,Prakashnagar,"Door No: 46/7/26/1, Near Green Park Family Restaurent, Prakashnagar, East Godavari-533106.",KV Womens Hostel,Female,Yes,3 Sharing,No,2.5,17.01551,81.33442281,5000
East Godavari,Rajahmundry,Prakashnagar,"Door No: 46/7/26/1, Near Green Park Family Restaurent, Prakashnagar, East Godavari-533106.",KV Womens Hostel,Female,Yes,2 Sharing,No,2.5,17.01551,81.33442281,6500
East Godavari,Rajahmundry,Prakashnagar,"Near Ladies Club, Prakashnagar, Rajahmundry-533103",Satya Annapurna Ladies Hostel,Female,Yes,4 Sharing,No,2.5,17.01551,81.33442281,6500
East Godavari,Rajahmundry,Prakashnagar,"Near Ladies Club, Prakashnagar, Rajahmundry-533103",Satya Annapurna Ladies Hostel,Female,Yes,3 Sharing,No,2.5,17.01551,81.33442281,7000
East Godavari,Rajahmundry,Prakashnagar,"Near Ladies Club, Prakashnagar, Rajahmundry-533103",Satya Annapurna Ladies Hostel,Female,No,4 Sharing,No,2.5,17.01551,81.33442281,5000
East Godavari,Rajahmundry,Prakashnagar,"Near Ladies Club, Prakashnagar, Rajahmundry-533103",Satya Annapurna Ladies Hostel,Female,Yes,2 Sharing,Yes,2.5,17.01551,81.33442281,7000
East Godavari,Rajahmundry,Prakashnagar,"Near TTD Kalyana Mandapam, PrakashNagar, Rajahmundry-533103",Varahi Women's PG,Female,Yes,4 Sharing,No,2.5,17.01551,81.33442281,5500
East Godavari,Rajahmundry,Prakashnagar,"Near TTD Kalyana Mandapam, PrakashNagar, Rajahmundry-533103",Varahi Women's PG,Female,Yes,2 Sharing,No,2.5,17.01551,81.33442281,9500
East Godavari,Rajahmundry,Prakashnagar,"Near TTD Kalyana Mandapam, PrakashNagar, Rajahmundry-533103",Varahi Women's PG,Female,No,4 Sharing,No,2.5,17.01551,81.33442281,4000
East Godavari,Rajahmundry,Prakashnagar,"Near TTD Kalyana Mandapam, PrakashNagar, Rajahmundry-533103",Varahi Women's PG,Female,No,3 Sharing,Yes,2.5,17.01551,81.33442281,8500
East Godavari,Rajahmundry,Prakashnagar,"Near TTD Kalyana Mandapam, PrakashNagar, Rajahmundry-533103",Varahi Women's PG,Female,Yes,3 Sharing,No,2.5,17.01551,81.33442281,9000
East Godavari,Rajahmundry,Prakashnagar,"Near TTD Kalyana Mandapam, PrakashNagar, Rajahmundry-533103",Varahi Women's PG,Female,Yes,Single,Yes,2.5,17.01551,81.33442281,12000
East Godavari,Rajahmundry,Danavaipeta,Near Partha Saradi Hospital Opp Sri Chaitanya Woman Junior College,Freedom Boys Hostel,Male,No,4 Sharing,No,3.3,17.01551,81.33442281,4000
East Godavari,Rajahmundry,Danavaipeta,Near Partha Saradi Hospital Opp Sri Chaitanya Woman Junior College,Freedom Boys Hostel,Male,Yes,3 Sharing,No,3.3,17.01551,81.33442281,5000
East Godavari,Rajahmundry,Danavaipeta,Near Partha Saradi Hospital Opp Sri Chaitanya Woman Junior College,Freedom Boys Hostel,Male,Yes,2 Sharing,No,3.3,17.01551,81.33442281,5000
East Godavari,Rajahmundry,Danavaipeta,Near Partha Saradi Hospital Opp Sri Chaitanya Woman Junior College,Freedom Boys Hostel,Male,Yes,3 Sharing,Yes,3.3,17.01551,81.33442281,7000
East Godavari,Rajahmundry,Danavaipeta,"3rd floor, Jagan juice building, MG Rd, near Gandhi park, Danavai Peta, Rajamahendravaram, Andhra Pradesh 533103",KalyaniBoys Hostel,Male,Yes,Single,No,3.3,17.01551,81.33442281,7000
East Godavari,Rajahmundry,Danavaipeta,"3rd floor, Jagan juice building, MG Rd, near Gandhi park, Danavai Peta, Rajamahendravaram, Andhra Pradesh 533103",KalyaniBoys Hostel,Male,Yes,4 Sharing,No,3.3,17.01551,81.33442281,5000
East Godavari,Rajahmundry,Danavaipeta,"3rd floor, Jagan juice building, MG Rd, near Gandhi park, Danavai Peta, Rajamahendravaram, Andhra Pradesh 533103",KalyaniBoys Hostel,Male,Yes,2 Sharing,No,3.3,17.01551,81.33442281,6000
East Godavari,Rajahmundry,Danavaipeta,"3rd floor, Jagan juice building, MG Rd, near Gandhi park, Danavai Peta, Rajamahendravaram, Andhra Pradesh 533103",KalyaniBoys Hostel,Male,Yes,3 Sharing,No,3.3,17.01551,81.33442281,5500
East Godavari,Rajahmundry,Devichowk,"Lakshmivarapu Peta, Seshayya Metta, Rajahmundry",Sri Sai Ram Ladies Hostel,Female,Yes,2 Sharing,Yes,4,17.00842138,81.77564449,7000
East Godavari,Rajahmundry,Devichowk,"Lakshmivarapu Peta, Seshayya Metta, Rajahmundry",Sri Sai Ram Ladies Hostel,Female,Yes,Single,No,4,17.00842138,81.77564449,7000
East Godavari,Rajahmundry,Devichowk,"Lakshmivarapu Peta, Seshayya Metta, Rajahmundry",Sri Sai Ram Ladies Hostel,Female,Yes,Single,Yes,4,17.00842138,81.77564449,7500
East Godavari,Rajahmundry,Devichowk,"Lakshmivarapu Peta, Seshayya Metta, Rajahmundry",Sri Sai Ram Ladies Hostel,Female,Yes,4 Sharing,Yes,4,17.00842138,81.77564449,7500
East Godavari,Rajahmundry,Devichowk,"Beside Nagadevi Theater, Seshayya Metta, Rajahmundry 533104",Vijaya Ladies Hostel,Female,Yes,Single,Yes,4,17.00842138,81.77564449,5000
East Godavari,Rajahmundry,Devichowk,"Beside Nagadevi Theater, Seshayya Metta, Rajahmundry 533104",Vijaya Ladies Hostel,Female,Yes,2 sharing,No,4,17.00842138,81.77564449,4500
East Godavari,Rajahmundry,Devichowk,"Beside Nagadevi Theater, Seshayya Metta, Rajahmundry 533104",Vijaya Ladies Hostel,Female,No,3 Sharing,Yes,4,17.00842138,81.77564449,5000
East Godavari,Rajahmundry,Devichowk,"Near Akira Eye Hospital, Aryapuram",NSS Boys Hostel,Male,Yes,4 sharing,No,4,17.00842138,81.77564449,5000
East Godavari,Rajahmundry,Devichowk,"Near Akira Eye Hospital, Aryapuram",NSS Boys Hostel,Male,Yes,2 Sharing,Yes,4,17.00842138,81.77564449,6000
East Godavari,Rajahmundry,Devichowk,"Near Akira Eye Hospital, Aryapuram",NSS Boys Hostel,Male,Yes,3 Sharing,No,4,17.00842138,81.77564449,4500
East Godavari,Rajahmundry,Devichowk,"Alluri Sita Rama Raju Junction Devi chowk, Rajahmundry-533101",Swarna Boys Hostel,Male,Yes,4 Sharing,No,4,17.00842138,81.77564449,6000
East Godavari,Rajahmundry,Devichowk,"Alluri Sita Rama Raju Junction Devi chowk, Rajahmundry-533101",Swarna Boys Hostel,Male,Yes,2 Sharing,No,4,17.00842138,81.77564449,7500
East Godavari,Rajahmundry,Devichowk,"Alluri Sita Rama Raju Junction Devi chowk, Rajahmundry-533101",Swarna Boys Hostel,Male,No,4 Sharing,No,4,17.00842138,81.77564449,4000
East Godavari,Rajahmundry,Devichowk,"Alluri Sita Rama Raju Junction Devi chowk, Rajahmundry-533101",Swarna Boys Hostel,Male,No,3 Sharing,No,4,17.00842138,81.77564449,5500
East Godavari,Rajahmundry,Devichowk,"Alluri Sita Rama Raju Junction Devi chowk, Rajahmundry-533101",Swarna Boys Hostel,Male,Yes,3 Sharing,Yes,4,17.00842138,81.77564449,8000
East Godavari,Rajahmundry,Devichowk,"Alluri Sita Rama Raju Junction Devi chowk, Rajahmundry-533101",Swarna Boys Hostel,Male,No,Single,Yes,4,17.00842138,81.77564449,8000
East Godavari,Rajahmundry,Devichowk,"Alluri Sita Rama Raju Junction Devi chowk, Rajahmundry-533101",Swarna Boys Hostel,Male,Yes,Single,No,4,17.00842138,81.77564449,8500
East Godavari,Rajahmundry,Devichowk,"Plot No: 293329 Lakshmi Varapu Peta Rajahmundry Fish Market Down, Near Alluri sitarama raju junction, Rajahmundry-533104",Anu Ladies Hostel ,Female,Yes ,2 Sharing,No,4,17.00842138,81.77564449,7500
East Godavari,Rajahmundry,Devichowk,"Plot No: 293329 Lakshmi Varapu Peta Rajahmundry Fish Market Down, Near Alluri sitarama raju junction, Rajahmundry-533104",Anu Ladies Hostel ,Female,Yes,4 Sharing,No,4,17.00842138,81.77564449,5000
East Godavari,Rajahmundry,Devichowk,"Plot No: 293329 Lakshmi Varapu Peta Rajahmundry Fish Market Down, Near Alluri sitarama raju junction, Rajahmundry-533104",Anu Ladies Hostel ,Female,No,4 Sharing,No,4,17.00842138,81.77564449,4000
East Godavari,Rajahmundry,Devichowk,"Plot No: 293329 Lakshmi Varapu Peta Rajahmundry Fish Market Down, Near Alluri sitarama raju junction, Rajahmundry-533104",Anu Ladies Hostel ,Female,Yes,3 Sharing,No,4,17.00842138,81.77564449,7000
East Godavari,Rajahmundry,Devichowk,"Plot No: 293329 Lakshmi Varapu Peta Rajahmundry Fish Market Down, Near Alluri sitarama raju junction, Rajahmundry-533104",Anu Ladies Hostel ,Female,Yes,Single,No,4,17.00842138,81.77564449,9000
East Godavari,Rajahmundry,Tilak Road,"Axis Bank Street Tilak Road, Rajahmundry",Madurams Hostel,Male,No,3 Sharing,No,1.6,17.00463473,81.79492028,5000
East Godavari,Rajahmundry,Tilak Road,"Axis Bank Street Tilak Road, Rajahmundry",Madurams Hostel,Male,Yes,3 Sharing,No,1.6,17.00463473,81.79492028,6500
East Godavari,Rajahmundry,Tilak Road,"Axis Bank Street Tilak Road, Rajahmundry",Madurams Hostel,Male,Yes,Single,No,1.6,17.00463473,81.79492028,7500
East Godavari,Rajahmundry,Tilak Road,"Axis Bank Street Tilak Road, Rajahmundry",Madurams Hostel,Male,Yes,4 Sharing,No,1.6,17.00463473,81.79492028,5000
East Godavari,Rajahmundry,Tilak Road,"Axis Bank Street Tilak Road, Rajahmundry",Madurams Hostel,Male,Yes,2 Sharing,No,1.6,17.00463473,81.79492028,8000
East Godavari,Rajahmundry,Tilak Road," Opposite Sai Krishna Theatre, Beside Aluminium Function Hall, Innes Peta, Rajahmundry.",Jyothi Ladies Hostel,Female,Yes,Single,Yes,1.6,17.00463473,81.79492028,8500
East Godavari,Rajahmundry,Tilak Road," Opposite Sai Krishna Theatre, Beside Aluminium Function Hall, Innes Peta, Rajahmundry.",Jyothi Ladies Hostel,Female,Yes,Single,No,1.6,17.00463473,81.79492028,7000
East Godavari,Rajahmundry,Tilak Road," Opposite Sai Krishna Theatre, Beside Aluminium Function Hall, Innes Peta, Rajahmundry.",Jyothi Ladies Hostel,Female,No,2 sharing,No,1.6,17.00463473,81.79492028,4500
East Godavari,Rajahmundry,Tilak Road," Opposite Sai Krishna Theatre, Beside Aluminium Function Hall, Innes Peta, Rajahmundry.",Jyothi Ladies Hostel,Female,Yes,2 sharing,No,1.6,17.00463473,81.79492028,5000
East Godavari,Rajahmundry,Tilak Road," Opposite Sai Krishna Theatre, Beside Aluminium Function Hall, Innes Peta, Rajahmundry.",Jyothi Ladies Hostel,Female,Yes,3 Sharing,No,1.6,17.00463473,81.79492028,5000
East Godavari,Rajahmundry,Tilak Road," Opposite Sai Krishna Theatre, Beside Aluminium Function Hall, Innes Peta, Rajahmundry.",Jyothi Ladies Hostel,Female,Yes,4 Sharing,No,1.6,17.00463473,81.79492028,6000
East Godavari,Rajahmundry,Tilak Road," Opposite Sai Krishna Theatre, Beside Aluminium Function Hall, Innes Peta, Rajahmundry.",Jyothi Ladies Hostel,Female,No,4 Sharing,No,1.6,17.00463473,81.79492028,4500
East Godavari,Rajahmundry,Tilak Road," Opposite Sai Krishna Theatre, Beside Aluminium Function Hall, Innes Peta, Rajahmundry.",Jyothi Boys Hostel,Male,Yes,2 Sharing,No,1.6,17.00463473,81.79492028,5500
East Godavari,Rajahmundry,Tilak Road," Opposite Sai Krishna Theatre, Beside Aluminium Function Hall, Innes Peta, Rajahmundry.",Jyothi Boys Hostel,Male,Yes,3 Sharing,No,1.6,17.00463473,81.79492028,6000
East Godavari,Rajahmundry,Tilak Road," Opposite Sai Krishna Theatre, Beside Aluminium Function Hall, Innes Peta, Rajahmundry.",Jyothi Boys Hostel,Male,Yes,single,No,1.6,17.00463473,81.79492028,7000
East Godavari,Rajahmundry,Tilak Road," Opposite Sai Krishna Theatre, Beside Aluminium Function Hall, Innes Peta, Rajahmundry.",Jyothi Boys Hostel,Male,Yes,4 Sharing,No,1.6,17.00463473,81.79492028,6000
East Godavari,Rajahmundry,Tilak Road," Opposite Sai Krishna Theatre, Beside Aluminium Function Hall, Innes Peta, Rajahmundry.",Jyothi Boys Hostel,Male,No,3 Sharing,No,1.6,17.00463473,81.79492028,5000
East Godavari,Rajahmundry,Tilak Road," Opposite Sai Krishna Theatre, Beside Aluminium Function Hall, Innes Peta, Rajahmundry.",Jyothi Boys Hostel,Male,No,4 Sharing,No,1.6,17.00463473,81.79492028,4500
East Godavari,Rajahmundry,Tilak Road,"Door No: 79-2-9/4, Bedide SBI Bank, Opposite Sri Ravi Hospital Road, Tilak Road, Gandhipuram, Rajahmundry-533103, Andhra Pradesh",Sweety Ladies Hostel,Female,Yes,4 Sharing,No,1.6,17.00463473,81.79492028,6500
East Godavari,Rajahmundry,Tilak Road,"Door No: 79-2-9/4, Bedide SBI Bank, Opposite Sri Ravi Hospital Road, Tilak Road, Gandhipuram, Rajahmundry-533103, Andhra Pradesh",Sweety Ladies Hostel,Female,No ,3 Sharing,No,1.6,17.00463473,81.79492028,5000
East Godavari,Rajahmundry,Tilak Road,"Door No: 79-2-9/4, Bedide SBI Bank, Opposite Sri Ravi Hospital Road, Tilak Road, Gandhipuram, Rajahmundry-533103, Andhra Pradesh",Sweety Ladies Hostel,Female,Yes,2 Sharing,Yes,1.6,17.00463473,81.79492028,9500
East Godavari,Rajahmundry,Tilak Road,"Door No: 79-2-9/4, Bedide SBI Bank, Opposite Sri Ravi Hospital Road, Tilak Road, Gandhipuram, Rajahmundry-533103, Andhra Pradesh",Sweety Ladies Hostel,Female,Yes,3 Sharing,No,1.6,17.00463473,81.79492028,7000
East Godavari,Rajahmundry,Tilak Road,"Door No: 79-2-9/4, Bedide SBI Bank, Opposite Sri Ravi Hospital Road, Tilak Road, Gandhipuram, Rajahmundry-533103, Andhra Pradesh",Sweety Ladies Hostel,Female,Yes,Single,No,1.6,17.00463473,81.79492028,10000
East Godavari,Rajahmundry,Tilak Road,"Door No: 79-2-9/4, Bedide SBI Bank, Opposite Sri Ravi Hospital Road, Tilak Road, Gandhipuram, Rajahmundry-533103, Andhra Pradesh",Sweety Ladies Hostel,Female,No,4 Sharing,No,1.6,17.00463473,81.79492028,4000
East Godavari,Rajahmundry,Aryapuram,"Near Seshayya Metta, Godavari Bund Road",RK Ladies Hostel,Female,Yes,3 Sharing,No,5,17.01505904,81.77187975,5500
East Godavari,Rajahmundry,Aryapuram,"Near Seshayya Metta, Godavari Bund Road",RK Ladies Hostel,Female,Yes,4 Sharing,No,5,17.01505904,81.77187975,5500
East Godavari,Rajahmundry,Aryapuram,"Near Seshayya Metta, Godavari Bund Road",RK Ladies Hostel,Female,Yes,2 Sharing,No,5,17.01505904,81.77187975,5000
East Godavari,Rajahmundry,Aryapuram,"Near Seshayya Metta, Godavari Bund Road",RK Ladies Hostel,Female,Yes,Single,No,5,17.01505904,81.77187975,7000
East Godavari,Rajahmundry,Aryapuram,"Near Akira Eye Hospital, Aryapuram",NSS Boys Hostel,Male,Yes,Single,No,5,17.01505904,81.77187975,8000
East Godavari,Rajahmundry,Aryapuram,"Near Akira Eye Hospital, Aryapuram",NSS Boys Hostel,Male,Yes,4 sharing,No,5,17.01505904,81.77187975,5000
East Godavari,Rajahmundry,Aryapuram,"Near Akira Eye Hospital, Aryapuram",NSS Boys Hostel,Male,Yes,2 sharing,Yes,5,17.01505904,81.77187975,9400
East Godavari,Rajahmundry,RTC Complex,Josritha Womens Hostel,AV Apparao Road,Female,Yes,2 Sharing,No,2,16.99282758,81.80716152,7000
East Godavari,Rajahmundry,RTC Complex,Josritha Womens Hostel,AV Apparao Road,Female,Yes,Single,No,2,16.99282758,81.80716152,7500
East Godavari,Rajahmundry,RTC Complex,Josritha Womens Hostel,AV Apparao Road,Female,Yes ,4 sharing,No,2,16.99282758,81.80716152,6500
East Godavari,Rajahmundry,RTC Complex,Josritha Womens Hostel,AV Apparao Road,Female,No,3 Sharing,No,2,16.99282758,81.80716152,5000
East Godavari,Rajahmundry,RTC Complex,Josritha Womens Hostel,AV Apparao Road,Female,Yes,3 Sharing,No,2,16.99282758,81.80716152,7500
East Godavari,Rajahmundry,RTC Complex,"Morampudi Junction,Rajahmundry",Sri Srinivasa Men's Hostel,Male,Yes,3 Sharing,No,2,16.99282758,81.80716152,5000
East Godavari,Rajahmundry,RTC Complex,"Morampudi Junction,Rajahmundry",Sri Srinivasa Men's Hostel,Male,Yes,Single,No,2,16.99282758,81.80716152,7000
East Godavari,Rajahmundry,RTC Complex,"Morampudi Junction,Rajahmundry",Sri Srinivasa Men's Hostel,Male,Yes,2 Sharing,No,2,16.99282758,81.80716152,5000
East Godavari,Rajahmundry,RTC Complex,"Near Ayyappa Nagar, RTC Complex Road, Rajahmundry",Varshini Boys Hostel,Male,Yes,2 Sharing,No,2,16.99282758,81.80716152,6500
East Godavari,Rajahmundry,RTC Complex,"Near Ayyappa Nagar, RTC Complex Road, Rajahmundry",Varshini Boys Hostel,Male,Yes,4 Sharing,No,2,16.99282758,81.80716152,5000
East Godavari,Rajahmundry,RTC Complex,"Near Ayyappa Nagar, RTC Complex Road, Rajahmundry",Varshini Boys Hostel,Male,No,2 Sharing,No,2,16.99282758,81.80716152,5000
East Godavari,Rajahmundry,RTC Complex,"Near Ayyappa Nagar, RTC Complex Road, Rajahmundry",Varshini Boys Hostel,Male,Yes,Single,No,2,16.99282758,81.80716152,8000
East Godavari,Rajahmundry,RTC Complex,"Near Ayyappa Nagar, RTC Complex Road, Rajahmundry",Varshini Boys Hostel,Male,Yes,3 Sharing,No,2,16.99282758,81.80716152,7500
East Godavari,Rajahmundry,Morampudi,"Near Av AppaRao Road, Rajahmundry",Happy Home Women's PG,Female,Yes,2 Sharing,No,3.5,16.99267402,81.81415375,6000
East Godavari,Rajahmundry,Morampudi,"Near Av AppaRao Road, Rajahmundry",Happy Home Women's PG,Female,Yes,Single,No,3.5,16.99267402,81.81415375,10000
East Godavari,Rajahmundry,Morampudi,"Near Av AppaRao Road, Rajahmundry",Happy Home Women's PG,Female,Yes,3 Sharing,No,3.5,16.99267402,81.81415375,6000
East Godavari,Rajahmundry,Morampudi,"Near Av AppaRao Road, Rajahmundry",Happy Home Women's PG,Female,Yes,2 Sharing,No,3.5,16.99267402,81.81415375,5000
East Godavari,Rajahmundry,Morampudi,"Near Av AppaRao Road, Rajahmundry",Happy Home Women's PG,Female,Yes,4 Sharing,No,3.5,16.99267402,81.81415375,6000
East Godavari,Rajahmundry,Morampudi," KLM Back Side Street Danavaipeta, Rajahmundry",Geetha Women's Hostel,Female,Yes,3 Sharing,No,3.5,16.99267402,81.81415375,6500
East Godavari,Rajahmundry,Morampudi," KLM Back Side Street Danavaipeta, Rajahmundry",Geetha Women's Hostel,Female,Yes,single,No,3.5,16.99267402,81.81415375,6500
East Godavari,Rajahmundry,Morampudi," KLM Back Side Street Danavaipeta, Rajahmundry",Geetha Women's Hostel,Female,Yes,3 Sharing,No,3.5,16.99267402,81.81415375,8000
East Godavari,Rajahmundry,Morampudi," KLM Back Side Street Danavaipeta, Rajahmundry",Geetha Women's Hostel,Female,Yes,2 Sharing,No,3.5,16.99267402,81.81415375,6500
East Godavari,Rajahmundry,Morampudi,"Ravindra Vidyanikethan School Street, Danavaipeta",Siri Boys Hostel,Male,Yes,2 Sharing,No,3.5,16.99267402,81.81415375,7000
East Godavari,Rajahmundry,Morampudi,"Ravindra Vidyanikethan School Street, Danavaipeta",Siri Boys Hostel,Male,Yes,Single,No,3.5,16.99267402,81.81415375,8000
East Godavari,Rajahmundry,Morampudi,"Ravindra Vidyanikethan School Street, Danavaipeta",Siri Boys Hostel,Male,Yes,4 Sharing,No,3.5,16.99267402,81.81415375,6500
East Godavari,Rajahmundry,Morampudi,"Ravindra Vidyanikethan School Street, Danavaipeta",Siri Boys Hostel,Male,Yes,3 Sharing,No,3.5,16.99267402,81.81415375,6500
East Godavari,Rajahmundry,Bommuru,"Near GIET College Road, Bommuru, Rajahmundry AP-533124",Sri Sai Boys Hostel,Male,No,2 Sharing,No,3.2,17.01551,81.33442281,7000
East Godavari,Rajahmundry,Bommuru,"Near GIET College Road, Bommuru, Rajahmundry AP-533124",Sri Sai Boys Hostel,Male,Yes,3 Sharing,No,3.2,17.01551,81.33442281,7000
East Godavari,Rajahmundry,Bommuru,"Near GIET College Road, Bommuru, Rajahmundry AP-533124",Sri Sai Boys Hostel,Male,Yes,4 Sharing,No,3.2,17.01551,81.33442281,5000
East Godavari,Rajahmundry,Bommuru,"Bommuru Center, Rajahmundry",Sai Durga Girls Hostel,Female,Yes,2 Sharing,No,3.7,17.01551,81.33442281,7000
East Godavari,Rajahmundry,Bommuru,"Bommuru Center, Rajahmundry",Sai Durga Girls Hostel,Female,Yes,Single,Yes,3.7,17.01551,81.33442281,10000
East Godavari,Rajahmundry,Bommuru,"Bommuru Center, Rajahmundry",Sai Durga Girls Hostel,Female,Yes,3 Sharing,No,3.7,17.01551,81.33442281,6000
East Godavari,Rajahmundry,Bommuru,"Bommuru Village Road, Near AKNU, Rajahmundry-533124",Venkateswara Boys Pg,Male,Yes,3 Sharing,No,3.7,17.01551,81.33442281,5000
East Godavari,Rajahmundry,Bommuru,"Bommuru Village Road, Near AKNU, Rajahmundry-533124",Venkateswara Boys Pg,Male,Yes,2 sharing,No,3.7,17.01551,81.33442281,6000
East Godavari,Rajahmundry,Bommuru,"Bommuru Village Road, Near AKNU, Rajahmundry-533124",Venkateswara Boys Pg,Male,Yes,Single,No,3.7,17.01551,81.33442281,10000
East Godavari,Rajahmundry,Bommuru,"Bommuru Village Road, Near AKNU, Rajahmundry-533124",Venkateswara Boys Pg,Male,Yes,2 sharing,No,3.7,17.01551,81.33442281,6000
East Godavari,Rajahmundry,Tadithota,"Opp Aditya Junior College, Danavaipeta, Rajahmundry, Andhra Pradesh 533103 ",Rudra Ladies Hostel,Female,Yes,2 Sharing,Yes,3.08,17.01551,81.33442281,6500
East Godavari,Rajahmundry,Tadithota,"Opp Aditya Junior College, Danavaipeta, Rajahmundry, Andhra Pradesh 533103 ",Rudra Ladies Hostel,Female,Yes,3 Sharing,Yes,3.08,17.01551,81.33442281,6000
East Godavari,Rajahmundry,Tadithota,"Opp Aditya Junior College, Danavaipeta, Rajahmundry, Andhra Pradesh 533103 ",Rudra Ladies Hostel,Female,Yes,single,Yes,3.08,17.01551,81.33442281,8000
East Godavari,Rajahmundry,Tadithota,"D.No:45-13-1, Sri Venkateswara Plaza, Sangam Challa Vari Street, Tadithota, opp Samhitha PG & Degree College Rajamahendravaram, Andhra Pradesh 533103 ",Subhodaya Boys Hostel,Male,Yes,4 Sharing,No,3.71,17.01551,81.33442281,4500
East Godavari,Rajahmundry,Tadithota,"D.No:45-13-1, Sri Venkateswara Plaza, Sangam Challa Vari Street, Tadithota, opp Samhitha PG & Degree College Rajamahendravaram, Andhra Pradesh 533103 ",Subhodaya Boys Hostel,Male,Yes,3 Sharing,No,3.71,17.01551,81.33442281,5000
East Godavari,Rajahmundry,Tadithota,"D.No:45-13-1, Sri Venkateswara Plaza, Sangam Challa Vari Street, Tadithota, opp Samhitha PG & Degree College Rajamahendravaram, Andhra Pradesh 533103 ",Subhodaya Boys Hostel,Male,Yes,single,No,3.71,17.01551,81.33442281,9000
East Godavari,Rajahmundry,Tadithota,"D.No:45-13-1, Sri Venkateswara Plaza, Sangam Challa Vari Street, Tadithota, opp Samhitha PG & Degree College Rajamahendravaram, Andhra Pradesh 533103 ",Subhodaya Boys Hostel,Male,Yes,2 sharing,No,3.71,17.01551,81.33442281,7000
East Godavari,Kovvur,Kovvur Bus Stand Area,"Market Road, Near Kovvur Bus Stand, Kovvur - 534350",Lakshmi Residency PG,Female,No,2 Sharing,No,4.78,17.01551,81.33442281,7500
East Godavari,Kovvur,Kovvur Bus Stand Area,"Market Road, Near Kovvur Bus Stand, Kovvur - 534350",Lakshmi Residency PG,Female,Yes,2 Sharing,No,4.02,17.01551,81.33442281,5000
East Godavari,Kovvur,Kovvur Bus Stand Area,"Market Road, Near Kovvur Bus Stand, Kovvur - 534350",Lakshmi Residency PG,Female,Yes,4 Sharing,No,1.65,17.01551,81.33442281,7500
East Godavari,Kovvur,Kovvur Bus Stand Area,"Market Road, Near Kovvur Bus Stand, Kovvur - 534350",Lakshmi Residency PG,Female,Yes,single,No,1.65,17.01551,81.33442281,8000
East Godavari,Kovvur,Kovvur Bus Stand Area,"Market Road, Near Kovvur Bus Stand, Kovvur - 534350",Lakshmi Residency PG,Female,Yes,3 Sharing,No,3.18,17.01551,81.33442281,6500
East Godavari,Kovvur,Kovvur Bus Stand Area,"RTC Bus Stand Road, Kovvur",Sri Sai Boys Pg,Male,Yes,4 Sharing,No,3.86,17.01551,81.33442281,4500
East Godavari,Kovvur,Kovvur Bus Stand Area,"RTC Bus Stand Road, Kovvur",Sri Sai Boys Pg,Male,Yes,2 Sharing,No,3.86,17.01551,81.33442281,5000
East Godavari,Kovvur,Kovvur Bus Stand Area,"RTC Bus Stand Road, Kovvur",Sri Sai Boys Pg,Male,Yes,3 Sharing,Yes,3.86,17.01551,81.33442281,4500
East Godavari,Kovvur,Kovvur Bus Stand Area,"RTC Bus Stand Road, Kovvur",Sri Sai Boys Pg,Male,Yes,single,Yes,3.86,17.01551,81.33442281,6000
East Godavari,Kovvur,Kovvur Railway Station Area,"Near Govt College Area, Kovvur, Andhra Pradesh ",Government BC Boys Hostel,Male,Yes,3 Sharing,No,3.47,17.01551,81.33442281,6000
East Godavari,Kovvur,Kovvur Railway Station Area,"Near Govt College Area, Kovvur, Andhra Pradesh ",Government BC Boys Hostel,Male,Yes,4 Sharing,No,3.47,17.01551,81.33442281,5000
East Godavari,Kovvur,Kovvur Railway Station Area,"Kovvur Main Road Area, Kovvur",Sai Ram Ladies Hostel,Female,Yes,Single,No,1.64,17.01551,81.33442281,8500
East Godavari,Kovvur,Kovvur Railway Station Area,"Kovvur Main Road Area, Kovvur",Sai Ram Ladies Hostel,Female,Yes,2 Sharing,No,1.35,16.54274728,81.33442281,6800
East Godavari,Kovvur,Kovvur Railway Station Area,"Kovvur Main Road Area, Kovvur",Sai Ram Ladies Hostel,Female,Yes,3 Sharing,No,1.3,16.54274728,81.33442281,7000
East Godavari,Kovvur,Kovvur Railway Station Area,"Sri Rama Colony, Kovvur-534350",Deepthi Hostel,Female,No,4 Sharing,Yes,4.62,16.54274728,81.33442281,5000
East Godavari,Kovvur,Kovvur Railway Station Area,"Sri Rama Colony, Kovvur-534350",Deepthi Hostel,Female,Yes,single,No,4.62,16.54274728,81.33442281,8000
East Godavari,Kovvur,Kovvur Railway Station Area,"Sri Rama Colony, Kovvur-534350",Deepthi Hostel,Female,Yes,2 sharing,Yes,4.62,16.54274728,81.33442281,6500
East Godavari,Kovvur,Market Road Kovvur,"Main Road, Near Kovvur Market Area,Kovvur",Sri Lakshmi Working Women Hostel,Female,No,Single,Yes,1.51,16.54274728,81.33442281,9000
East Godavari,Kovvur,Market Road Kovvur,"Main Road, Near Kovvur Market Area,Kovvur",Sri Lakshmi Working Women Hostel,Female,Yes,2 Sharing,Yes,1.51,16.54274728,81.33442281,8000
East Godavari,Kovvur,Market Road Kovvur,"Main Road, Near Kovvur Market Area,Kovvur",Sri Lakshmi Working Women Hostel,Female,Yes,3 Sharing,Yes,1.51,16.54274728,81.33442281,7500
East Godavari,Kovvur,Market Road Kovvur,"Main Road, Near Kovvur Market Area,Kovvur",Sri Lakshmi Working Women Hostel,Female,Yes,4 Sharing,No,1.51,16.54274728,81.33442281,6000
East Godavari,Kovvur,Market Road Kovvur,"Main Road, Near Kovvur Market Area,Kovvur",Sri Sai Ladies Hostel,Female,Yes,2 Sharing,No,2.11,16.54274728,81.33442281,6000
East Godavari,Kovvur,Market Road Kovvur,"Main Road, Near Kovvur Market Area,Kovvur",Sri Sai Ladies Hostel,Female,No,3 Sharing,Yes,2.22,16.54274728,81.33442281,5000
East Godavari,Kovvur,Market Road Kovvur,"Main Road, Near Kovvur Market Area,Kovvur",Sri Sai Ladies Hostel,Female,Yes,4 Sharing,No,1.39,16.54274728,81.33442281,4500
East Godavari,Kovvur,Market Road Kovvur,Near Central Kovvur area-534350,Varshini Boys Hostel,Male,No,2 Sharing,No,3.19,16.54274728,81.33442281,4500
East Godavari,Kovvur,Market Road Kovvur,Near Central Kovvur area-534350,Varshini Boys Hostel,Male,Yes,4 Sharing,No,3.19,16.54274728,81.33442281,5500
East Godavari,Kovvur,Market Road Kovvur,Near Central Kovvur area-534350,Varshini Boys Hostel,Male,Yes,3 Sharing,No,3.19,16.54274728,81.33442281,6500
East Godavari,Kovvur,Market Road Kovvur,Near Central Kovvur area-534350,Varshini Boys Hostel,Male,Yes,2 Sharing,No,3.19,16.54274728,81.33442281,6000
East Godavari,Kovvur,Market Road Kovvur,Near Kovvur Market Area-534350,Bargavi Durga Boys Hostel,Male,Yes,4 Sharing,No,10,17.01014047,81.73636717,6000
East Godavari,Kovvur,Market Road Kovvur,Near Kovvur Market Area-534350,Bargavi Durga Boys Hostel,Male,No,4 Sharing,No,10,17.01014047,81.73636717,5500
East Godavari,Kovvur,Market Road Kovvur,Near Kovvur Market Area-534350,Bargavi Durga Boys Hostel,Male,Yes,Single,Yes,10,17.01014047,81.73636717,12000
East Godavari,Kovvur,Market Road Kovvur,Near Kovvur Market Area-534350,Bargavi Durga Boys Hostel,Male,Yes,2 Sharing,No,10,17.01014047,81.73636717,7000
East Godavari,Kovvur,Market Road Kovvur,Near Kovvur Market Area-534350,Bargavi Durga Boys Hostel,Male,Yes,3 Sharing,No,10,17.01014047,81.73636717,6500
East Godavari,Kovvur,Godavari Bridge Road,"Near Godavari Bridge Road, kovvur-534350",Sri Venkata Sai Boys Hostel,Male,Yes,Single,No,10,17.01014047,81.73636717,8000
East Godavari,Kovvur,Godavari Bridge Road,"Near Godavari Bridge Road, kovvur-534350",Sri Venkata Sai Boys Hostel,Male,Yes,4 Sharing,No,10,17.01014047,81.73636717,5000
East Godavari,Kovvur,Godavari Bridge Road,"Near Godavari Bridge Road, kovvur-534350",Sri Venkata Sai Boys Hostel,Male,Yes,2 Sharing,No,10,17.01014047,81.73636717,6000
East Godavari,Kovvur,Godavari Bridge Road,"Near Godavari Bridge Road, kovvur-534350",Sri Venkata Sai Boys Hostel,Male,Yes,3 Sharing,No,10,17.01014047,81.73636717,5500
East Godavari,Kovvur,Godavari Bridge Road,"Near Godavari Bridge Road, kovvur-534350",Sri Venkata Sai Boys Hostel,Male,Yes,Single,Yes,10,17.01014047,81.73636717,5000
East Godavari,Kovvur,Godavari Bridge Road,"Near Godavari Bridge Road, kovvur-534350",Sri Venkata Sai Boys Hostel,Male,No,3 Sharing,No,10,17.01014047,81.73636717,10000
East Godavari,Kovvur,Godavari Bridge Road,"Near Bridge Road Market Connection Street, Kovvur -534350",Vamsi Krishna Boys Hostel,Male,Yes,Single,Yes,10,17.01014047,81.73636717,10000
East Godavari,Kovvur,Godavari Bridge Road,"Near Bridge Road Market Connection Street, Kovvur -534350",Vamsi Krishna Boys Hostel,Male,Yes,3 Sharing,No,8,17.01014047,81.73636717,7500
East Godavari,Kovvur,Godavari Bridge Road,"Near Bridge Road Market Connection Street, Kovvur -534350",Vamsi Krishna Boys Hostel,Male,Yes,2 Sharing,No,8,17.01014047,81.73636717,7000
East Godavari,Kovvur,Godavari Bridge Road,"Near Bridge Road Market Connection Street, Kovvur -534350",Vamsi Krishna Boys Hostel,Male,No,4 Sharing,Yes,8,17.01014047,81.73636717,6500
East Godavari,Kovvur,Godavari Bridge Road,"Near Bridge Road Market Connection Street, Kovvur -534350",Vamsi Krishna Boys Hostel,Male,Yes,3 Sharing,No,8,17.01014047,81.73636717,6000
East Godavari,Kovvur,Godavari Bridge Road,"Near Kovvur Godavari Bridge Junction, Kovvur-534350",Sai Teja Ladies Hostel,Female,Yes,4 Sharing,No,8,17.01014047,81.73636717,5000
East Godavari,Kovvur,Godavari Bridge Road,"Near Kovvur Godavari Bridge Junction, Kovvur-534350",Sai Teja Ladies Hostel,Female,Yes,3 Sharing,No,8,17.01014047,81.73636717,6500
East Godavari,Kovvur,Godavari Bridge Road,"Near Kovvur Godavari Bridge Junction, Kovvur-534350",Sai Teja Ladies Hostel,Female,Yes,2 sharing,No,8,17.01014047,81.73636717,7500
East Godavari,Kovvur,Godavari Bridge Road,"Near Kovvur Godavari Bridge Junction, Kovvur-534350",Sai Teja Ladies Hostel,Female,No,4 Sharing,No,8,17.01014047,81.73636717,4500
East Godavari,Kovvur,Godavari Bridge Road,"Near Kovvur Godavari Bridge Junction, Kovvur-534350",Sai Teja Ladies Hostel,Female,Yes,single,No,8,17.01014047,81.73636717,7500
East Godavari,Kovvur,NTR Colony Kovvur,"NTR Colony Road, Near Colony Bus Stand,kovvur",Annapurna Ladies Hostel,Femlae,Yes,4 Sharing,No,7.5,17.01014047,81.73636717,5500
East Godavari,Kovvur,NTR Colony Kovvur,"NTR Colony Road, Near Colony Bus Stand,kovvur",Annapurna Ladies Hostel,Femlae,Yes,3 Sharing,No,7.5,17.01014047,81.73636717,6000
East Godavari,Kovvur,NTR Colony Kovvur,"NTR Colony Road, Near Colony Bus Stand,kovvur",Annapurna Ladies Hostel,Femlae,Yes,Single,No,7.5,16.54274728,81.33442281,7500
East Godavari,Kovvur,NTR Colony Kovvur,"NTR Colony Road, Near Colony Bus Stand,kovvur",Annapurna Ladies Hostel,Femlae,Yes,2 Sharing,No,7.5,16.54274728,81.33442281,6000
East Godavari,Kovvur,NTR Colony Kovvur,"NTR Colony Road, Near Colony Bus Stand,kovvur",Annapurna Ladies Hostel,Femlae,Yes,2 Sharing,Yes,7.5,16.54274728,81.33442281,8000
East Godavari,Kovvur,NTR Colony Kovvur,"Near NTR Colony Main Street, Kovvur -534350",NSS Boys Hostel,Male,Yes,Single,No,7.5,16.54274728,81.33442281,8000
East Godavari,Kovvur,NTR Colony Kovvur,"Near NTR Colony Main Street, Kovvur -534350",NSS Boys Hostel,Male,Yes,3 Sharing,No,7.5,16.54274728,81.33442281,6000
East Godavari,Kovvur,NTR Colony Kovvur,"Near NTR Colony Main Street, Kovvur -534350",NSS Boys Hostel,Male,Yes,4 Sharing,No,7.5,16.54274728,81.33442281,4500
East Godavari,Kovvur,NTR Colony Kovvur,"Near NTR Colony Main Street, Kovvur -534350",NSS Boys Hostel,Male,Yes,2 Sharing,Yes,7.5,16.54274728,81.33442281,5000
East Godavari,Ramachandrapuram,Clock Tower Area,"Clock Tower Backside Street, Ramachandrapuram -533255",Aditya Boys Residency,Male,Yes,4 Sharing,No,2.71,16.54274728,81.33442281,5000
East Godavari,Ramachandrapuram,Clock Tower Area,"Clock Tower Backside Street, Ramachandrapuram -533255",Aditya Boys Residency,Male,Yes,3 Sharing,No,2.73,16.54274728,81.33442281,5500
East Godavari,Ramachandrapuram,Clock Tower Area,"Clock Tower Backside Street, Ramachandrapuram -533255",Aditya Boys Residency,Male,Yes,2 Sharing,No,2.95,16.54274728,81.33442281,6000
East Godavari,Ramachandrapuram,Clock Tower Area,"Clock Tower Backside Street, Ramachandrapuram -533255",Aditya Boys Residency,Male,Yes,Single,No,4.51,16.54274728,81.33442281,7000
East Godavari,Ramachandrapuram,Clock Tower Area,"Clock Tower Backside Street, Ramachandrapuram -533255",Aditya Boys Residency,Male,No,3 Sharing,No,2.3,16.54274728,81.33442281,4500
East Godavari,Ramachandrapuram,Clock Tower Area,"Clock Tower Backside Street, Ramachandrapuram -533255",Aditya Boys Residency,Male,Yes,2 Sharing,Yes,2.79,16.54274728,81.33442281,7500
East Godavari,Ramachandrapuram,Clock Tower Area,"Clock Tower Main Bazaar Area, Ramachandrapuram -533255",Durga Bhavani Ladies Hostel,Female,No,2 Sharing,No,38.6,16.54274728,81.33442281,4500
East Godavari,Ramachandrapuram,Clock Tower Area,"Clock Tower Main Bazaar Area, Ramachandrapuram -533255",Durga Bhavani Ladies Hostel,Female,Yes,3 Sharing,No,38.6,16.54274728,81.33442281,6000
East Godavari,Ramachandrapuram,Clock Tower Area,"Clock Tower Main Bazaar Area, Ramachandrapuram -533255",Durga Bhavani Ladies Hostel,Female,Yes,4 Sharing,No,38.6,16.54274728,81.33442281,5000
East Godavari,Ramachandrapuram,Clock Tower Area,"Clock Tower Main Bazaar Area, Ramachandrapuram -533255",Durga Bhavani Ladies Hostel,Female,Yes,Single,No,38.6,16.54274728,81.33442281,8000
East Godavari,Ramachandrapuram,Clock Tower Area,"Clock Tower Main Bazaar Area, Ramachandrapuram -533255",Durga Bhavani Ladies Hostel,Female,Yes,2 Sharing,No,38.6,16.54274728,81.33442281,6500
East Godavari,Ramachandrapuram,Main Road,"Main Road Backside Lane, Ramachandrapuram -533255",Surya Boys PG,Male,Yes,3 Sharing,No,38.6,16.54274728,81.33442281,6000
East Godavari,Ramachandrapuram,Main Road,"Main Road Backside Lane, Ramachandrapuram -533255",Surya Boys PG,Male,Yes,3 Sharing,Yes,38.6,16.54274728,81.33442281,5000
East Godavari,Ramachandrapuram,Main Road,"Main Road Backside Lane, Ramachandrapuram -533255",Surya Boys PG,Male,No,2 Sharing,No,38.6,16.54274728,81.33442281,7500
East Godavari,Ramachandrapuram,Main Road,"Main Road Backside Lane, Ramachandrapuram -533255",Surya Boys PG,Male,Yes,Single,Yes,38.6,16.54274728,81.33442281,11500
East Godavari,Ramachandrapuram,Main Road,"Main Road Backside Lane, Ramachandrapuram -533255",Surya Boys PG,Male,Yes,4 Sharing,No,38.6,16.54274728,81.33442281,5500
East Godavari,Ramachandrapuram,Main Road,"Main Road Backside Lane, Ramachandrapuram -533255",Surya Boys PG,Male,Yes,2 Sharing,No,38.6,16.54274728,81.33442281,6800
East Godavari,Ramachandrapuram,Main Road,"Near Main Road Junction, Ramachandrapuram -533255",Annapurna Girls PG,Female,Yes,4 Sharing,No,38.6,16.54274728,81.33442281,4000
East Godavari,Ramachandrapuram,Main Road,"Near Main Road Junction, Ramachandrapuram -533255",Annapurna Girls PG,Female,Yes,3 Sharing,No,38.6,16.54274728,81.33442281,5000
East Godavari,Ramachandrapuram,Main Road,"Near Main Road Junction, Ramachandrapuram -533255",Annapurna Girls PG,Female,Yes,2 Sharing,No,38.6,16.54274728,81.33442281,6500
East Godavari,Ramachandrapuram,Main Road,"Near Main Road Junction, Ramachandrapuram -533255",Annapurna Girls PG,Female,No,3 Sharing,No,38.6,16.54274728,81.33442281,5000
East Godavari,Ramachandrapuram,Main Road,"Near Main Road Junction, Ramachandrapuram -533255",Annapurna Girls PG,Female,Yes,Single,No,38.6,16.54274728,81.33442281,8000
East Godavari,Ramachandrapuram,Main Road,"Near Main Road Junction, Ramachandrapuram -533255",Annapurna Girls PG,Female,Yes,Single,Yes,38.6,16.54274728,81.33442281,10000
East Godavari,Ramachandrapuram,Market Area,"Vegetable Market Road, Ramachandrapuram -533255",Karthikeya Boys Residency,Male,No,4 Sharing,No,38.6,16.54274728,81.33442281,4500
East Godavari,Ramachandrapuram,Market Area,"Vegetable Market Road, Ramachandrapuram -533255",Karthikeya Boys Residency,Male,Yes,Single,No,38.6,16.54274728,81.33442281,9500
East Godavari,Ramachandrapuram,Market Area,"Vegetable Market Road, Ramachandrapuram -533255",Karthikeya Boys Residency,Male,Yes,2 Sharing,No,38.6,16.54274728,81.33442281,6000
East Godavari,Ramachandrapuram,Market Area,"Vegetable Market Road, Ramachandrapuram -533255",Karthikeya Boys Residency,Male,Yes,Single,Yes,38.6,16.54274728,81.33442281,12000
East Godavari,Ramachandrapuram,Market Area,"Vegetable Market Road, Ramachandrapuram -533255",Karthikeya Boys Residency,Male,Yes,3 Sharing,Yes,38.6,16.54274728,81.33442281,7500
East Godavari,Ramachandrapuram,Market Area,"Vegetable Market Road, Ramachandrapuram -533255",Karthikeya Boys Residency,Male,Yes,2 Sharing,No,38.6,16.54274728,81.33442281,6000
East Godavari,Ramachandrapuram,Market Area,"Vegetable Market Road, Ramachandrapuram -533255",Karthikeya Boys Residency,Male,No,2 Sharing,No,38.6,16.54274728,81.33442281,4500
East Godavari,Ramachandrapuram,Market Area,"Near Vegetable Market, Ramachandrapuram -533255",Keerthana Ladies Residency,Female,Yes,Single,No,38.6,16.54274728,81.33442281,8000
East Godavari,Ramachandrapuram,Market Area,"Near Vegetable Market, Ramachandrapuram -533255",Keerthana Ladies Residency,Female,Yes,4 Sharing,No,38.6,16.54274728,81.33442281,6500
East Godavari,Ramachandrapuram,Market Area,"Near Vegetable Market, Ramachandrapuram -533255",Keerthana Ladies Residency,Female,Yes,Single,Yes,38.6,16.54274728,81.33442281,12500
East Godavari,Ramachandrapuram,Market Area,"Near Vegetable Market, Ramachandrapuram -533255",Keerthana Ladies Residency,Female,Yes,4 Sharing,Yes,38.6,16.54274728,81.33442281,8500
East Godavari,Ramachandrapuram,Market Area,"Near Vegetable Market, Ramachandrapuram -533255",Keerthana Ladies Residency,Female,Yes,3 Sharing,No,38.6,16.54274728,81.33442281,7500
East Godavari,Ramachandrapuram,Market Area,"Near Vegetable Market, Ramachandrapuram -533255",Keerthana Ladies Residency,Female,Yes,2 Sharing,No,38.6,16.54274728,81.33442281,5500
East Godavari,Ramachandrapuram,Bus Stand Area,"Near New Bus Stand, Ramachandrapuram -533255",Sandeep Boys Hostel,Male,Yes,2 Sharing,No,38.6,16.54274728,81.33442281,6000
East Godavari,Ramachandrapuram,Bus Stand Area,"Near New Bus Stand, Ramachandrapuram -533255",Sandeep Boys Hostel,Male,Yes,Single,Yes,38.6,16.54274728,81.33442281,9000
East Godavari,Ramachandrapuram,Bus Stand Area,"Near New Bus Stand, Ramachandrapuram -533255",Sandeep Boys Hostel,Male,Yes,3 Sharing,No,38.6,16.54274728,81.33442281,5500
East Godavari,Ramachandrapuram,Bus Stand Area,"Near New Bus Stand, Ramachandrapuram -533255",Sandeep Boys Hostel,Male,Yes,4 Sharing,No,38.6,16.54274728,81.33442281,5800
East Godavari,Ramachandrapuram,Bus Stand Area,"Old Bus Stand Street, Ramachandrapuram -533255",Navya Girls PG,Female,Yes,Single,No,38.6,16.54274728,81.33442281,8500
East Godavari,Ramachandrapuram,Bus Stand Area,"Old Bus Stand Street, Ramachandrapuram -533255",Navya Girls PG,Female,Yes,4 Sharing,No,38.6,16.54274728,81.33442281,4500
East Godavari,Ramachandrapuram,Bus Stand Area,"Old Bus Stand Street, Ramachandrapuram -533255",Navya Girls PG,Female,Yes,3 Sharing,No,38.6,16.54274728,81.33442281,6000
East Godavari,Ramachandrapuram,Bus Stand Area,"Old Bus Stand Street, Ramachandrapuram -533255",Navya Girls PG,Female,Yes,2 Sharing,No,38.6,16.54274728,81.33442281,6500
East Godavari,Ramachandrapuram,Bus Stand Area,"Old Bus Stand Street, Ramachandrapuram -533255",Navya Girls PG,Female,No,4 Sharing,No,38.6,16.54274728,81.33442281,4000
East Godavari,Ramachandrapuram,Bus Stand Area,"Old Bus Stand Street, Ramachandrapuram -533255",Navya Girls PG,Female,Yes,Single,Yes,38.6,16.54274728,81.33442281,12000
East Godavari,Rajanagaram,Rangampeta,"National Highway, Rajanagaram",Neeraja Ladies Hostel & PG Accommodation,Female,No,4 Sharing,No,16,16.54274728,81.33442281,4500
East Godavari,Rajanagaram,Rangampeta,"National Highway, Rajanagaram",Neeraja Ladies Hostel & PG Accommodation,Female,Yes,Single,No,16,16.54274728,81.33442281,7500
East Godavari,Rajanagaram,Rangampeta,"National Highway, Rajanagaram",Neeraja Ladies Hostel & PG Accommodation,Female,Yes,Single,Yes,16,16.54274728,81.33442281,11500
East Godavari,Rajanagaram,Rangampeta,"National Highway, Rajanagaram",Neeraja Ladies Hostel & PG Accommodation,Female,Yes,4 Sharing,No,16,16.54274728,81.33442281,6500
East Godavari,Rajanagaram,Rangampeta,"National Highway, Rajanagaram",Neeraja Ladies Hostel & PG Accommodation,Female,Yes,3 Sharing,No,16,16.54274728,81.33442281,7000
East Godavari,Rajanagaram,Rangampeta,"Rajanagaram, East Godavari-533294",Amma Lady's Hostel,Female,Yes,3 Sharing,No,15,16.54274728,81.33442281,6500
East Godavari,Rajanagaram,Rangampeta,"Rajanagaram, East Godavari-533294",Amma Lady's Hostel,Female,Yes,4 Sharing,Yes,15,16.54274728,81.33442281,7500
East Godavari,Rajanagaram,Rangampeta,"Rajanagaram, East Godavari-533294",Amma Lady's Hostel,Female,Yes,Single,No,15,16.54274728,81.33442281,8000
East Godavari,Rajanagaram,Rangampeta,"Rajanagaram, East Godavari-533294",Amma Lady's Hostel,Female,Yes,2 Sharing,No,15,16.54274728,81.33442281,6000
East Godavari,Rajanagaram,Rangampeta,"Rajanagaram, East Godavari-533294",Amma Lady's Hostel,Female,Yes,4 Sharing,No,15,16.54274728,81.33442281,5500
East Godavari,Rajanagaram,APSRTC Bus Stop,"Near APSRTC Bus Stop, NH16 Road, Rajanagaram -533296",Ravi Teja Boys Hostel,Male,No,2 Sharing,Yes,15,16.54274728,81.33442281,7000
East Godavari,Rajanagaram,APSRTC Bus Stop,"Near APSRTC Bus Stop, NH16 Road, Rajanagaram -533296",Ravi Teja Boys Hostel,Male,Yes,3 Sharing,No,15,16.54274728,81.33442281,6500
East Godavari,Rajanagaram,APSRTC Bus Stop,"Near APSRTC Bus Stop, NH16 Road, Rajanagaram -533296",Ravi Teja Boys Hostel,Male,Yes,4 Sharing,No,15,16.54274728,81.33442281,7000
East Godavari,Rajanagaram,APSRTC Bus Stop,"Near APSRTC Bus Stop, NH16 Road, Rajanagaram -533296",Ravi Teja Boys Hostel,Male,No,2 Sharing,No,15,16.54274728,81.33442281,4000
East Godavari,Rajanagaram,APSRTC Bus Stop,"Near APSRTC Bus Stop, NH16 Road, Rajanagaram -533296",Ravi Teja Boys Hostel,Male,No,4 Sharing,No,15,16.54274728,81.33442281,4500
East Godavari,Rajanagaram,APSRTC Bus Stop,"Near APSRTC Bus Stop Area, Rajanagaram -533296",Sravani Ladies Hostel,Female,Yes,3 Sharing,No,15,16.54274728,81.33442281,5500
East Godavari,Rajanagaram,APSRTC Bus Stop,"Near APSRTC Bus Stop Area, Rajanagaram -533296",Sravani Ladies Hostel,Female,Yes,2 Sharing,No,15,16.54274728,81.33442281,6500
East Godavari,Rajanagaram,APSRTC Bus Stop,"Near APSRTC Bus Stop Area, Rajanagaram -533296",Sravani Ladies Hostel,Female,Yes,4 Sharing,No,15,16.54274728,81.33442281,5000
East Godavari,Rajanagaram,APSRTC Bus Stop,"Near APSRTC Bus Stop Area, Rajanagaram -533296",Sravani Ladies Hostel,Female,Yes,2 Sharing,Yes,15,16.54274728,81.33442281,8000
East Godavari,Rajanagaram,APSRTC Bus Stop,"Near APSRTC Bus Stop Area, Rajanagaram -533296",Sravani Ladies Hostel,Female,Yes,Single,No,15,16.54274728,81.33442281,8000
East Godavari,Rajanagaram,APSRTC Bus Stop,"Near Bus Stop Junction Road, Rajanagaram -533296",Bhargavi Girls Hostel,Female,Yes,4 Sharing,No,15,16.54274728,81.33442281,6000
East Godavari,Rajanagaram,APSRTC Bus Stop,"Near Bus Stop Junction Road, Rajanagaram -533296",Bhargavi Girls Hostel,Female,Yes,3 Sharing,No,15,16.54274728,81.33442281,6500
East Godavari,Rajanagaram,APSRTC Bus Stop,"Near Bus Stop Junction Road, Rajanagaram -533296",Bhargavi Girls Hostel,Female,Yes,2 Sharing,No,15,16.54274728,81.33442281,7500
East Godavari,Rajanagaram,APSRTC Bus Stop,"Near Bus Stop Junction Road, Rajanagaram -533296",Bhargavi Girls Hostel,Female,Yes,Single,No,15,16.54274728,81.33442281,8500
East Godavari,Rajanagaram,Adikavi Nannaya University Area,"AKNU Backside Lane, Rajanagaram -533296",Aditya Varma Boys Hostel,Male,No,2 Sharing,Yes,15,16.54274728,81.33442281,6362
East Godavari,Rajanagaram,Adikavi Nannaya University Area,"AKNU Backside Lane, Rajanagaram -533296",Aditya Varma Boys Hostel,Male,Yes,Single,No,14.5,16.54274728,81.33442281,9500
East Godavari,Rajanagaram,Adikavi Nannaya University Area,"AKNU Backside Lane, Rajanagaram -533296",Aditya Varma Boys Hostel,Male,Yes,3 Sharing,No,14.5,16.54274728,81.33442281,6500
East Godavari,Rajanagaram,Adikavi Nannaya University Area,"AKNU Backside Lane, Rajanagaram -533296",Aditya Varma Boys Hostel,Male,Yes,4 Sharing,No,14.5,16.54274728,81.33442281,5500
East Godavari,Rajanagaram,Adikavi Nannaya University Area,"Near GSL Medical College Road, AKNU Area, Rajanagaram -533296",GSL Boys Hostel,Male,No,2 Sharing,No,14.5,16.54274728,81.33442281,6000
East Godavari,Rajanagaram,Adikavi Nannaya University Area,"Near GSL Medical College Road, AKNU Area, Rajanagaram -533296",GSL Boys Hostel,Male,Yes,Single,No,14.5,16.54274728,81.33442281,8500
East Godavari,Rajanagaram,Adikavi Nannaya University Area,"Near GSL Medical College Road, AKNU Area, Rajanagaram -533296",GSL Boys Hostel,Male,Yes,4 Sharing,No,14.5,16.54274728,81.33442281,6500
East Godavari,Rajanagaram,Adikavi Nannaya University Area,"Near GSL Medical College Road, AKNU Area, Rajanagaram -533296",GSL Boys Hostel,Male,No,4 Sharing,No,14.5,16.54274728,81.33442281,5000
East Godavari,Rajanagaram,Adikavi Nannaya University Area,"Near GSL Medical College Road, AKNU Area, Rajanagaram -533296",GSL Boys Hostel,Male,Yes,3 Sharing,No,14.5,16.54274728,81.33442281,6000
East Godavari,Rajanagaram,Adikavi Nannaya University Area,"Near GSL Medical College Road, AKNU Area, Rajanagaram -533296",GSL Boys Hostel,Male,Yes,2 Sharing,No,14.5,16.54274728,81.33442281,7500
East Godavari,Rajanagaram,Adikavi Nannaya University Area,"Near AKNU Campus Road, Rajanagaram -533296",Nannaya Ladies Hostel,Female,No,4 Sharing,No,14.5,16.54274728,81.33442281,4000
East Godavari,Rajanagaram,Adikavi Nannaya University Area,"Near AKNU Campus Road, Rajanagaram -533296",Nannaya Ladies Hostel,Female,Yes,Single,No,14.5,16.54274728,81.33442281,8500
East Godavari,Rajanagaram,Adikavi Nannaya University Area,"Near AKNU Campus Road, Rajanagaram -533296",Nannaya Ladies Hostel,Female,Yes,2 Sharing,No,14.5,16.54274728,81.33442281,7000
East Godavari,Rajanagaram,Adikavi Nannaya University Area,"Near AKNU Campus Road, Rajanagaram -533296",Nannaya Ladies Hostel,Female,Yes,3 Sharing,No,14.5,16.54274728,81.33442281,7500
East Godavari,Rajanagaram,Adikavi Nannaya University Area,"Near AKNU Back Gate Area, Rajanagaram -533296",Harini Ladies PG,Female,Yes,4 Sharing,No,14.5,16.54274728,81.33442281,6000
East Godavari,Rajanagaram,Adikavi Nannaya University Area,"Near AKNU Back Gate Area, Rajanagaram -533296",Harini Ladies PG,Female,No,4 Sharing,No,14.5,16.54274728,81.33442281,5000
East Godavari,Rajanagaram,Adikavi Nannaya University Area,"Near AKNU Back Gate Area, Rajanagaram -533296",Harini Ladies PG,Female,Yes,3 Sharing,No,14.5,16.54274728,81.33442281,6500
East Godavari,Rajanagaram,Adikavi Nannaya University Area,"Near AKNU Back Gate Area, Rajanagaram -533296",Harini Ladies PG,Female,Yes,2 Sharing,No,14.5,16.54274728,81.33442281,7500
East Godavari,Rajanagaram,GSL Medical College & General Hospital Area,"Jagannadhapuram Agraharam Rajanagaram, East Godavari",GSL Boys Hostel,Male,Yes,4 Sharing,No,16,16.04321,80.08594,4500
East Godavari,Rajanagaram,GSL Medical College & General Hospital Area,"Jagannadhapuram Agraharam Rajanagaram, East Godavari",GSL Boys Hostel,Male,Yes,3 Sharing,No,16,15.03187,83.00212,5000
East Godavari,Rajanagaram,GSL Medical College & General Hospital Area,"Jagannadhapuram Agraharam Rajanagaram, East Godavari",GSL Boys Hostel,Male,Yes,2 Sharing,No,16,16.70994,83.06596,6500
East Godavari,Rajanagaram,GSL Medical College & General Hospital Area,"Jagannadhapuram Agraharam Rajanagaram, East Godavari",GSL Boys Hostel,Male,Yes,Single,No,16,16.31723,82.90301,7500
East Godavari,Rajanagaram,GSL Medical College & General Hospital Area,"Jagannadhapuram Agraharam Rajanagaram, East Godavari",GSL Boys Hostel,Male,Yes,2 Sharing,Yes,16,15.80675,82.1323,8000
East Godavari,Rajanagaram,GSL Medical College & General Hospital Area,"Bus Stop Lane Velugubanda, East Godavari",GSL Ladies Hostel,Female,Yes,4 Sharing,Yes,16,16.16798,81.63936,7000
East Godavari,Rajanagaram,GSL Medical College & General Hospital Area,"Bus Stop Lane Velugubanda, East Godavari",GSL Ladies Hostel,Female,Yes,3 Sharing,No,16,16.16798,81.63936,6500
East Godavari,Rajanagaram,GSL Medical College & General Hospital Area,"Bus Stop Lane Velugubanda, East Godavari",GSL Ladies Hostel,Female,Yes,2 Sharing,No,16,16.16798,81.63936,7500
East Godavari,Rajanagaram,GSL Medical College & General Hospital Area,"Bus Stop Lane Velugubanda, East Godavari",GSL Ladies Hostel,Female,Yes,4 Sharing,No,16,16.16798,81.63936,5500
East Godavari,Rajanagaram,GSL Medical College & General Hospital Area,"Bus Stop Lane Velugubanda, East Godavari",GSL Ladies Hostel,Female,Yes,single,No,16,16.16798,81.63936,8000
East Godavari,Rajanagaram,GSL Medical College & General Hospital Area,"Bus Stop Lane Velugubanda, East Godavari",GSL Ladies Hostel,Female,No,4 Sharing,No,16,16.16798,81.63936,5000
East Godavari,Rajanagaram,Surampalem,"Indicash ATM Surampalem, East Godavari",Venkatadri Hostels,Male,Yes,4 Sharing,No,16,16.16798,81.63936,5500
East Godavari,Rajanagaram,Surampalem,"Indicash ATM Surampalem, East Godavari",Venkatadri Hostels,Male,Yes,3 Sharing,No,16,16.16798,81.63936,6000
East Godavari,Rajanagaram,Surampalem,"Indicash ATM Surampalem, East Godavari",Venkatadri Hostels,Male,Yes,2 Sharing,No,16,16.16798,81.63936,7000
East Godavari,Rajanagaram,Surampalem,"Indicash ATM Surampalem, East Godavari",Venkatadri Hostels,Male,No,4 Sharing,No,16,16.16798,81.63936,4000
East Godavari,Rajanagaram,Surampalem,"Indicash ATM Surampalem, East Godavari",Venkatadri Hostels,Male,Yes,Single,No,16,16.16798,81.63936,9000
East Godavari,Rajanagaram,Surampalem,"Surampalem, East Godavari",Ishwarya Boys Hostel,Male,Yes,2 Sharing,No,16,16.16798,81.63936,6000
East Godavari,Rajanagaram,Surampalem,"Surampalem, East Godavari",Ishwarya Boys Hostel,Male,Yes,3 Sharing,No,16,16.16798,81.63936,5500
East Godavari,Rajanagaram,Surampalem,"Surampalem, East Godavari",Ishwarya Boys Hostel,Male,Yes,4 Sharing,No,16,16.16798,81.63936,4000
East Godavari,Rajanagaram,Surampalem,"Surampalem Ramesampeta, East Godavari",Sree Vigneswara Boys PG Hostel,Male,Yes,2 Sharing,No,16,16.16798,81.63936,6500
East Godavari,Rajanagaram,Surampalem,"Surampalem Ramesampeta, East Godavari",Sree Vigneswara Boys PG Hostel,Male,Yes,4 Sharing,No,16,16.16798,81.63936,5000
East Godavari,Rajanagaram,Surampalem,"Surampalem Ramesampeta, East Godavari",Sree Vigneswara Boys PG Hostel,Male,No,4 Sharing,No,16,16.16798,81.63936,4000
East Godavari,Rajanagaram,Surampalem,"Surampalem Ramesampeta, East Godavari",Sree Vigneswara Boys PG Hostel,Male,Yes,3 Sharing,No,16,16.16798,81.63936,7000
East Godavari,Rajanagaram,Surampalem,"Surampalem Ramesampeta, East Godavari",Sree Vigneswara Boys PG Hostel,Male,Yes,Single,No,16,16.16798,81.63936,8000
East Godavari,Rajanagaram,Surampalem,"Surampalem, East Godavari-533437",Feel Home Girls Hostel,Female,Yes,4 Sharing,No,18.5,16.16798,81.63936,6000
East Godavari,Rajanagaram,Surampalem,"Surampalem, East Godavari-533437",Feel Home Girls Hostel,Female,Yes,2 Sharing,No,18.5,16.16798,81.63936,7500
East Godavari,Rajanagaram,Surampalem,"Surampalem, East Godavari-533437",Feel Home Girls Hostel,Female,Yes,3 Sharing,No,18.5,16.16798,81.63936,5500
East Godavari,Rajanagaram,Surampalem,"Surampalem, East Godavari-533437",Feel Home Girls Hostel,Female,No,4 Sharing,No,18.5,16.16798,81.63936,4800
East Godavari,Rajanagaram,Surampalem,"Surampalem, East Godavari-533437",Feel Home Girls Hostel,Female,Yes,Single,No,18.5,16.16798,81.63936,9000
East Godavari,Gokavaram,Gokavaram Center,"Market Area, Gokavaram Center -533286",Ramesh Boys Hostel,Male,No,4 Sharing,No,20,17.26087119,81.84861,4500
East Godavari,Gokavaram,Gokavaram Center,"Market Area, Gokavaram Center -533286",Ramesh Boys Hostel,Male,Yes,3 Sharing,Yes,20,17.26087119,81.84861,7000
East Godavari,Gokavaram,Gokavaram Center,"Market Area, Gokavaram Center -533286",Ramesh Boys Hostel,Male,Yes,Single,No,20,17.26087119,81.84861,8000
East Godavari,Gokavaram,Gokavaram Center,"Market Area, Gokavaram Center -533286",Ramesh Boys Hostel,Male,Yes,3 Sharing,No,20,17.26087119,81.84861,6500
East Godavari,Gokavaram,Gokavaram Center,"Market Area, Gokavaram Center -533286",Ramesh Boys Hostel,Male,Yes,2 Sharing,No,20,17.26087119,81.84861,5500
East Godavari,Gokavaram,Gokavaram Center,"S516 Road Side Lane, Gokavaram -533286",Keerthi Girls Residency,Female,Yes,Single,Yes,20,17.26087119,81.84861,12000
East Godavari,Gokavaram,Gokavaram Center,"S516 Road Side Lane, Gokavaram -533286",Keerthi Girls Residency,Female,Yes,4 Sharing,Yes,20,17.26087119,81.84861,6000
East Godavari,Gokavaram,Gokavaram Center,"S516 Road Side Lane, Gokavaram -533286",Keerthi Girls Residency,Female,Yes,2 Sharing,No,20,17.26087119,81.84861,7000
East Godavari,Gokavaram,Gokavaram Center,"S516 Road Side Lane, Gokavaram -533286",Keerthi Girls Residency,Female,No,2 Sharing,No,20,17.26087119,81.84861,5000
East Godavari,Gokavaram,Gokavaram Center,"S516 Road Side Lane, Gokavaram -533286",Keerthi Girls Residency,Female,Yes,3 Sharing,No,20,17.26087119,81.84861,5500
East Godavari,Gokavaram,Main Road Area(Sileru Road),"Main Road, Gokavaram Center -533286",Lakshmi Girls Hostel,Female,Yes,2 Sharing,No,20,17.26087119,81.84861,7000
East Godavari,Gokavaram,Main Road Area(Sileru Road),"Main Road, Gokavaram Center -533286",Lakshmi Girls Hostel,Female,No,4 Sharing,No,20,17.26087119,81.84861,4500
East Godavari,Gokavaram,Main Road Area(Sileru Road),"Main Road, Gokavaram Center -533286",Lakshmi Girls Hostel,Female,Yes,3 Sharing,No,20,17.26087119,81.84861,5000
East Godavari,Gokavaram,Main Road Area(Sileru Road),"Main Road, Gokavaram Center -533286",Lakshmi Girls Hostel,Female,Yes,4 Sharing,No,20,17.26087119,81.84861,6000
East Godavari,Gokavaram,Main Road Area(Sileru Road),"S516 Main Road, Near Market Area, Gokavaram -533286",Naresh boys Residency,Male,No,4 Sharing,No,20,17.26087119,81.84861,4500
East Godavari,Gokavaram,Main Road Area(Sileru Road),"S516 Main Road, Near Market Area, Gokavaram -533286",Naresh boys Residency,Male,Yes,3 Sharing,No,20,17.26087119,81.84861,5500
East Godavari,Gokavaram,Main Road Area(Sileru Road),"S516 Main Road, Near Market Area, Gokavaram -533286",Naresh boys Residency,Male,Yes,2 Sharing,No,20,17.26087119,81.84861,6500
East Godavari,Gokavaram,Main Road Area(Sileru Road),"S516 Main Road, Near Market Area, Gokavaram -533286",Naresh boys Residency,Male,Yes,4 Sharing,No,20,17.26087119,81.84861,6000
East Godavari,Gokavaram,Main Road Area(Sileru Road),"Main Road Internal Lane, Gokavaram -533286",Venkatesh Boys Residency,Male,Yes,4 Sharing,No,20,17.26087119,81.84861,5500
East Godavari,Gokavaram,Main Road Area(Sileru Road),"Main Road Internal Lane, Gokavaram -533286",Venkatesh Boys Residency,Male,Yes,3 Sharing,No,20,17.26087119,81.84861,6500
East Godavari,Gokavaram,Main Road Area(Sileru Road),"Main Road Internal Lane, Gokavaram -533286",Venkatesh Boys Residency,Male,No,2 Sharing,No,20,17.26087119,81.84861,5000
East Godavari,Gokavaram,Market Area,"Near Market Backside Lane, Gokavaram -533286",Suhatha Girls PG,Female,Yes,2 Sharing,Yes,20,17.26087119,81.84861,7500
East Godavari,Gokavaram,Market Area,"Near Market Backside Lane, Gokavaram -533286",Suhatha Girls PG,Female,No,3 Sharing,Yes,20,17.260871,81.84861,7000
East Godavari,Gokavaram,Market Area,"Near Market Backside Lane, Gokavaram -533286",Suhatha Girls PG,Female,Yes,4 Sharing,No,20,17.260871,81.84861,5500
East Godavari,Gokavaram,Market Area,"Near Market Backside Lane, Gokavaram -533286",Suhatha Girls PG,Female,Yes,Single,Yes,20,17.260871,81.84861,9000
East Godavari,Gokavaram,Market Area,"Near Market Backside Lane, Gokavaram -533286",Suhatha Girls PG,Female,Yes,Single,No,20,17.260871,81.84861,8500
East Godavari,Gokavaram,Market Area,"Market Street, Gokavaram -533286",Padma Ladies PG,Female,Yes,4 Sharing,No,20,17.260871,81.84861,5000
East Godavari,Gokavaram,Market Area,"Market Street, Gokavaram -533286",Padma Ladies PG,Female,Yes,3 Sharing,No,20,17.260871,81.84861,6000
East Godavari,Gokavaram,Market Area,"Market Street, Gokavaram -533286",Padma Ladies PG,Female,Yes,2 Sharing,No,20,17.260871,81.84861,7000
East Godavari,Gokavaram,Market Area,"Market Street, Gokavaram -533286",Padma Ladies PG,Female,No,3 Sharing,No,20,17.260871,81.84861,4500
East Godavari,Gokavaram,Market Area,"Near Local Shops Area, Market Side, Gokavaram -533286",Dinesh Boys PG,Male,Yes,3 Sharing,No,20,17.260871,81.84861,5500
East Godavari,Gokavaram,Market Area,"Near Local Shops Area, Market Side, Gokavaram -533286",Dinesh Boys PG,Male,No,4 Sharing,No,20,17.260871,81.84861,4000
East Godavari,Gokavaram,Market Area,"Near Local Shops Area, Market Side, Gokavaram -533286",Dinesh Boys PG,Male,Yes,4 Sharing,No,20,17.260871,81.84861,6500
East Godavari,Gokavaram,Market Area,"Near Local Shops Area, Market Side, Gokavaram -533286",Dinesh Boys PG,Male,Yes,2 Sharing,No,20,17.260871,81.84861,7500
East Godavari,Gokavaram,Srinivasa Talkies Area,"Main Road (S516), Near Srinivasa Talkies, Gokavaram -533286",Ramesh Boys Hostel,Male,No,2 Sharing,Yes,20,17.260871,81.84861,7500
East Godavari,Gokavaram,Srinivasa Talkies Area,"Main Road (S516), Near Srinivasa Talkies, Gokavaram -533286",Ramesh Boys Hostel,Male,Yes,4 Sharing,No,20,"17.260871191314045, 81.84861456915496",81.84861457,7000
East Godavari,Gokavaram,Srinivasa Talkies Area,"Main Road (S516), Near Srinivasa Talkies, Gokavaram -533286",Ramesh Boys Hostel,Male,Yes,3 Sharing,No,20,"17.260871191314045, 81.84861456915496",81.84861457,6500
East Godavari,Gokavaram,Srinivasa Talkies Area,"Main Road (S516), Near Srinivasa Talkies, Gokavaram -533286",Ramesh Boys Hostel,Male,Yes,Single,No,20,"17.260871191314045, 81.84861456915496",81.84861457,8500
East Godavari,Gokavaram,Srinivasa Talkies Area,"Main Road (S516), Near Srinivasa Talkies, Gokavaram -533286",Ramesh Boys Hostel,Male,Yes,2 Sharing,No,20,"17.260871191314045, 81.84861456915496",81.84861457,7000
East Godavari,Gokavaram,Srinivasa Talkies Area,"Near Srinivasa Talkies Area, Gokavaram -533286",Anitha Girls Residency,Female,Yes,4 Sharing,No,20,"17.260871191314045, 81.84861456915496",81.84861457,6500
East Godavari,Gokavaram,Srinivasa Talkies Area,"Near Srinivasa Talkies Area, Gokavaram -533286",Anitha Girls Residency,Female,Yes,3 Sharing,No,20,"17.260871191314045, 81.84861456915496",81.84861457,6000
East Godavari,Gokavaram,Srinivasa Talkies Area,"Near Srinivasa Talkies Area, Gokavaram -533286",Anitha Girls Residency,Female,Yes,Single,No,20,"17.260871191314045, 81.84861456915496",81.84861457,8000
East Godavari,Gokavaram,Srinivasa Talkies Area,"Near Srinivasa Talkies Area, Gokavaram -533286",Anitha Girls Residency,Female,Yes,2 Sharing,No,20,"17.260871191314045, 81.84861456915496",81.84861457,7000
East Godavari,Gokavaram,Srinivasa Talkies Area,"Near Srinivasa Talkies Road, Gokavaram -533286",Suresh Boys Hostel,Male,Yes,4 Sharing,No,20,"17.260871191314045, 81.84861456915496",81.84861457,7500
East Godavari,Gokavaram,Srinivasa Talkies Area,"Near Srinivasa Talkies Road, Gokavaram -533286",Suresh Boys Hostel,Male,Yes,3 Sharing,No,20,"17.260871191314045, 81.84861456915496",81.84861457,6500
East Godavari,Gokavaram,Srinivasa Talkies Area,"Near Srinivasa Talkies Road, Gokavaram -533286",Suresh Boys Hostel,Male,Yes,2 Sharing,No,20,"17.260871191314045, 81.84861456915496",81.84861457,6500
East Godavari,Gokavaram,Srinivasa Talkies Area,"Near Srinivasa Talkies Road, Gokavaram -533286",Suresh Boys Hostel,Male,Yes,4 Sharing,Yes,20,"17.260871191314045, 81.84861456915496",81.84861457,7000
East Godavari,Dowleswaram,Dowleswaram  Center,"Near Dowleswaram Center Main Road, Dowleswaram -533125",Raghu Boys Hostel,Male,Yes,Single,Yes,20,"17.260871191314045, 81.84861456915496",81.84861457,12000
East Godavari,Dowleswaram,Dowleswaram  Center,"Near Dowleswaram Center Main Road, Dowleswaram -533125",Raghu Boys Hostel,Male,Yes,Single,No,20,"17.260871191314045, 81.84861456915496",81.84861457,8500
East Godavari,Dowleswaram,Dowleswaram  Center,"Near Dowleswaram Center Main Road, Dowleswaram -533125",Raghu Boys Hostel,Male,Yes,2 Sharing,No,20,"17.260871191314045, 81.84861456915496",81.84861457,6500
East Godavari,Dowleswaram,Dowleswaram  Center,"Near Dowleswaram Center Main Road, Dowleswaram -533125",Raghu Boys Hostel,Male,Yes,4 Sharing,No,20,"17.260871191314045, 81.84861456915496",81.84861457,7000
East Godavari,Dowleswaram,Dowleswaram  Center,"Near Dowleswaram Center Main Road, Dowleswaram -533125",Raghu Boys Hostel,Male,Yes,3 Sharing,No,20,"17.260871191314045, 81.84861456915496",81.84861457,6500
East Godavari,Dowleswaram,Dowleswaram  Center,"Near Center Junction, Dowleswaram -533125",Kalyan Boys Hostel,Male,No,4 Sharing,No,20,"17.260871191314045, 81.84861456915496",81.84861457,4000
East Godavari,Dowleswaram,Dowleswaram  Center,"Near Center Junction, Dowleswaram -533125",Kalyan Boys Hostel,Male,No,2 Sharing,Yes,20,"17.260871191314045, 81.84861456915496",81.84861457,7000
East Godavari,Dowleswaram,Dowleswaram  Center,"Near Center Junction, Dowleswaram -533125",Kalyan Boys Hostel,Male,Yes,3 Sharing,No,20,"17.260871191314045, 81.84861456915496",81.84861457,7500
East Godavari,Dowleswaram,Dowleswaram  Center,"Near Center Junction, Dowleswaram -533125",Kalyan Boys Hostel,Male,Yes,Single,No,20,"17.260871191314045, 81.84861456915496",81.84861457,8000
East Godavari,Dowleswaram,Dowleswaram  Center,"Near Center Junction, Dowleswaram -533125",Kalyan Boys Hostel,Male,Yes,4 Sharing,No,20,"17.260871191314045, 81.84861456915496",81.84861457,6500
East Godavari,Dowleswaram,Dowleswaram  Center,"Market Street, Dowleswaram Center -533125",Lakshmi Priya Girls PG,Female,Yes,4 Sharing,No,20,"17.260871191314045, 81.84861456915496",81.84861457,6500
East Godavari,Dowleswaram,Dowleswaram  Center,"Market Street, Dowleswaram Center -533125",Lakshmi Priya Girls PG,Female,No,3 Sharing,No,20,"17.260871191314045, 81.84861456915496",81.84861457,5500
East Godavari,Dowleswaram,Dowleswaram  Center,"Market Street, Dowleswaram Center -533125",Lakshmi Priya Girls PG,Female,Yes,2 Sharing,No,20,"17.260871191314045, 81.84861456915496",81.84861457,75000
East Godavari,Dowleswaram,Dowleswaram  Center,"Market Street, Dowleswaram Center -533125",Lakshmi Priya Girls PG,Female,Yes,Single,Yes,20,"17.260871191314045, 81.84861456915496",81.84861457,11500
East Godavari,Dowleswaram,Dowleswaram  Center,"Near Center Area, Dowleswaram - 533125",Sravya Ladies Hostel,Female,Yes,4 Sharing,No,21,"17.260871191314045, 81.84861456915496",81.84861457,6500
East Godavari,Dowleswaram,Dowleswaram  Center,"Near Center Area, Dowleswaram - 533125",Sravya Ladies Hostel,Female,Yes,3 Sharing,No,21,"17.260871191314045, 81.84861456915496",81.84861457,5500
East Godavari,Dowleswaram,Dowleswaram  Center,"Near Center Area, Dowleswaram - 533125",Sravya Ladies Hostel,Female,Yes,2 Sharing,No,21,"17.260871191314045, 81.84861456915496",81.84861457,7000
East Godavari,Dowleswaram,Dowleswaram  Center,"Near Center Area, Dowleswaram - 533125",Sravya Ladies Hostel,Female,No,4 Sharing,No,21,"17.260871191314045, 81.84861456915496",81.84861457,4500
East Godavari,Dowleswaram,Dowleswaram  Center,"Near Center Area, Dowleswaram - 533125",Sravya Ladies Hostel,Female,Yes,Single,No,21,"17.260871191314045, 81.84861456915496",81.84861457,8000
East Godavari,Dowleswaram,Dowleswaram  Barrage Area,"Near Barrage Road, Dowleswaram Center - 533125",Keerthana Ladies PG,Female,No,2 Sharing,No,21,"17.260871191314045, 81.84861456915496",81.84861457,4000
East Godavari,Dowleswaram,Dowleswaram  Barrage Area,"Near Barrage Road, Dowleswaram Center - 533125",Keerthana Ladies PG,Female,Yes,2 Sharing,No,21,"17.260871191314045, 81.84861456915496",81.84861457,6000
East Godavari,Dowleswaram,Dowleswaram  Barrage Area,"Near Barrage Road, Dowleswaram Center - 533125",Keerthana Ladies PG,Female,Yes,3 Sharing,No,21,"17.260871191314045, 81.84861456915496",81.84861457,5500
East Godavari,Dowleswaram,Dowleswaram  Barrage Area,"Near Barrage Road, Dowleswaram Center - 533125",Keerthana Ladies PG,Female,Yes,Single,Yes,21,"17.260871191314045, 81.84861456915496",81.84861457,12000
East Godavari,Dowleswaram,Dowleswaram  Barrage Area,"Near Barrage Road, Dowleswaram Center - 533125",Keerthana Ladies PG,Female,Yes,4 Sharing,No,21,"17.260871191314045, 81.84861456915496",81.84861457,6500
East Godavari,Dowleswaram,Dowleswaram  Barrage Area,"Near Barrage Road, Dowleswaram Center - 533125",Keerthana Ladies PG,Female,Yes,Single,No,21,"17.260871191314045, 81.84861456915496",81.84861457,9000
East Godavari,Dowleswaram,Dowleswaram  Barrage Area,"Near Barrage Road, Dowleswaram - 533125",Rama Krishna Boys Hostel,Male,Yes,3 Sharing,No,21,"17.260871191314045, 81.84861456915496",81.84861457,7000
East Godavari,Dowleswaram,Dowleswaram  Barrage Area,"Near Barrage Road, Dowleswaram - 533125",Rama Krishna Boys Hostel,Male,Yes,Single,Yes,21,"17.260871191314045, 81.84861456915496",81.84861457,11500
East Godavari,Dowleswaram,Dowleswaram  Barrage Area,"Near Barrage Road, Dowleswaram - 533125",Rama Krishna Boys Hostel,Male,Yes,4 Sharing,No,21,"17.260871191314045, 81.84861456915496",81.84861457,5000
East Godavari,Dowleswaram,Dowleswaram  Barrage Area,"Near Barrage Road, Dowleswaram - 533125",Rama Krishna Boys Hostel,Male,Yes,2 Sharing,No,21,"17.260871191314045, 81.84861456915496",81.84861457,5000
East Godavari,Dowleswaram,Dowleswaram  Barrage Area,"Near Barrage Road, Dowleswaram - 533125",Rama Krishna Boys Hostel,Male,Yes,4 Sharing,Yes,21,"17.260871191314045, 81.84861456915496",81.84861457,7500
East Godavari,Dowleswaram,Dowleswaram  Barrage Area,"Near River Side Road, Barrage Area, Dowleswaram - 533125",Gopi Krishna Boys Residency,Male,Yes,Single,Yes,21,"17.260871191314045, 81.84861456915496",81.84861457,12000
East Godavari,Dowleswaram,Dowleswaram  Barrage Area,"Near River Side Road, Barrage Area, Dowleswaram - 533125",Gopi Krishna Boys Residency,Male,No,3 Sharing,Yes,21,"17.260871191314045, 81.84861456915496",81.84861457,7500
East Godavari,Dowleswaram,Dowleswaram  Barrage Area,"Near River Side Road, Barrage Area, Dowleswaram - 533125",Gopi Krishna Boys Residency,Male,Yes,4 Sharing,No,21,"17.260871191314045, 81.84861456915496",81.84861457,7000
East Godavari,Dowleswaram,Dowleswaram  Barrage Area,"Near River Side Road, Barrage Area, Dowleswaram - 533125",Gopi Krishna Boys Residency,Male,Yes,2 Sharing,No,21,"17.260871191314045, 81.84861456915496",81.84861457,6000
East Godavari,Dowleswaram,Bridge Road,"Near Barrage Bridge Road, Opp Dowleswaram Barrage, Dowleswaram - 533125",Krishna Boys Hostel,Male,No,4 Sharing,No,21,"17.260871191314045, 81.84861456915496",81.84861457,4500
East Godavari,Dowleswaram,Bridge Road,"Near Barrage Bridge Road, Opp Dowleswaram Barrage, Dowleswaram - 533125",Krishna Boys Hostel,Male,Yes,4 Sharing,No,21,"17.260871191314045, 81.84861456915496",81.84861457,5500
East Godavari,Dowleswaram,Bridge Road,"Near Barrage Bridge Road, Opp Dowleswaram Barrage, Dowleswaram - 533125",Krishna Boys Hostel,Male,Yes,2 Sharing,No,21,"17.260871191314045, 81.84861456915496",81.84861457,6000
East Godavari,Dowleswaram,Bridge Road,"Near Barrage Bridge Road, Opp Dowleswaram Barrage, Dowleswaram - 533125",Krishna Boys Hostel,Male,Yes,3 Sharing,No,21,"17.260871191314045, 81.84861456915496",81.84861457,6500
East Godavari,Dowleswaram,Bridge Road,"Near Barrage Bridge Road, Opp Dowleswaram Barrage, Dowleswaram - 533125",Krishna Boys Hostel,Male,No,Single,No,21,"17.260871191314045, 81.84861456915496",81.84861457,7500
East Godavari,Dowleswaram,Bridge Road,"Bridge Side Lane, Near Local Temples Area (Town Side), Dowleswaram - 533125",Ganesh Boys Hostel,Male,No,3 Sharing,No,21,"17.260871191314045, 81.84861456915496",81.84861457,4000
East Godavari,Dowleswaram,Bridge Road,"Bridge Side Lane, Near Local Temples Area (Town Side), Dowleswaram - 533125",Ganesh Boys Hostel,Male,Yes,Single,No,21,"17.260871191314045, 81.84861456915496",81.84861457,7500
East Godavari,Dowleswaram,Bridge Road,"Bridge Side Lane, Near Local Temples Area (Town Side), Dowleswaram - 533125",Ganesh Boys Hostel,Male,Yes,3 Sharing,No,21,"17.260871191314045, 81.84861456915496",81.84861457,6500
East Godavari,Dowleswaram,Bridge Road,"Bridge Side Lane, Near Local Temples Area (Town Side), Dowleswaram - 533125",Ganesh Boys Hostel,Male,Yes,2 Sharing,No,21,"17.260871191314045, 81.84861456915496",81.84861457,5000
East Godavari,Dowleswaram,Bridge Road,"Bridge Side Lane, Near Local Temples Area (Town Side), Dowleswaram - 533125",Ganesh Boys Hostel,Male,Yes,4 Sharing,No,21,"17.260871191314045, 81.84861456915496",81.84861457,6500
East Godavari,Dowleswaram,Bridge Road,"Near Bridge Road Junction, Opp Small Market Area, Dowleswaram - 533125",Sowjanya Girls PG,Female,Yes,4 Sharing,No,21,"17.260871191314045, 81.84861456915496",81.84861457,6500
East Godavari,Dowleswaram,Bridge Road,"Near Bridge Road Junction, Opp Small Market Area, Dowleswaram - 533125",Sowjanya Girls PG,Female,Yes,3 Sharing,No,21,"17.260871191314045, 81.84861456915496",81.84861457,6000
East Godavari,Dowleswaram,Bridge Road,"Near Bridge Road Junction, Opp Small Market Area, Dowleswaram - 533125",Sowjanya Girls PG,Female,Yes,2 Sharing,No,21,"17.260871191314045, 81.84861456915496",81.84861457,5500
East Godavari,Dowleswaram,Bridge Road,"Near Bridge Road Junction, Opp Small Market Area, Dowleswaram - 533125",Sowjanya Girls PG,Female,Yes,Single,No,21,"17.260871191314045, 81.84861456915496",81.84861457,8000
East Godavari,Dowleswaram,Bridge Road,"Near Bridge Road Junction, Opp Small Market Area, Dowleswaram - 533125",Sowjanya Girls PG,Female,No ,4 Sharing,No,21,"17.260871191314045, 81.84861456915496",81.84861457,4000
East Godavari,Dowleswaram,Bridge Road,"Bridge Backside Street, Near Residential Colony Area, Dowleswaram - 533125",Anusha Girls Hostel,Female,Yes,4 Sharing,No,21,"17.260871191314045, 81.84861456915496",81.84861457,4500
East Godavari,Dowleswaram,Bridge Road,"Bridge Backside Street, Near Residential Colony Area, Dowleswaram - 533125",Anusha Girls Hostel,Female,Yes,3 Sharing,Yes,21,"17.260871191314045, 81.84861456915496",81.84861457,5500
East Godavari,Dowleswaram,Bridge Road,"Bridge Backside Street, Near Residential Colony Area, Dowleswaram - 533125",Anusha Girls Hostel,Female,No,4 Sharing,No,21,"17.260871191314045, 81.84861456915496",81.84861457,4000
East Godavari,Dowleswaram,Bridge Road,"Bridge Backside Street, Near Residential Colony Area, Dowleswaram - 533125",Anusha Girls Hostel,Female,Yes,2 Sharing,No,21,"17.260871191314045, 81.84861456915496",81.84861457,6500
East Godavari,Dowleswaram,Bridge Road,"Bridge Backside Street, Near Residential Colony Area, Dowleswaram - 533125",Anusha Girls Hostel,Female,Yes,Single,No,21,"17.260871191314045, 81.84861456915496",81.84861457,8000
East Godavari,Dowleswaram,Bridge Road,"Bridge Backside Street, Near Residential Colony Area, Dowleswaram - 533125",Anusha Girls Hostel,Female,Yes,3 Sharing,No,21,"17.260871191314045, 81.84861456915496",81.84861457,6500
East Godavari,Dowleswaram,Bridge Road,"Bridge Backside Street, Near Residential Colony Area, Dowleswaram - 533125",Anusha Girls Hostel,Female,Yes,Single,Yes,21,"17.260871191314045, 81.84861456915496",81.84861457,12000
East Godavari,Dowleswaram,Gayathri Nagar,"2nd Street, Gayathri Nagar, Near Local Shops Area, Dowleswaram - 533125",Satish Boys Residency,Male,Yes,3 Sharing,No,6.9,"16.95463645116163, 81.79301804213891",81.79409,7500
East Godavari,Dowleswaram,Gayathri Nagar,"2nd Street, Gayathri Nagar, Near Local Shops Area, Dowleswaram - 533125",Satish Boys Residency,Male,No,3 Sharing,No,6.9,"16.95463645116163, 81.79301804213891",81.79409,4500
East Godavari,Dowleswaram,Gayathri Nagar,"2nd Street, Gayathri Nagar, Near Local Shops Area, Dowleswaram - 533125",Satish Boys Residency,Male,No,4 Sharing,No,6.9,"16.95463645116163, 81.79301804213891",81.79409,4000
East Godavari,Dowleswaram,Gayathri Nagar,"2nd Street, Gayathri Nagar, Near Local Shops Area, Dowleswaram - 533125",Satish Boys Residency,Male,Yes,2 Sharing,No,6.9,"16.95463645116163, 81.79301804213891",81.79409,6500
East Godavari,Dowleswaram,Gayathri Nagar,"2nd Street, Gayathri Nagar, Near Local Shops Area, Dowleswaram - 533125",Satish Boys Residency,Male,Yes,3 Sharing,No,6.9,"16.95463645116163, 81.79301804213891",81.79409,6000
East Godavari,Dowleswaram,Gayathri Nagar,"Near Gayathri Nagar Junction, Close to Market Street, Dowleswaram - 533125",Praveen Boys Hostel,Male,Yes,4 Sharing,No,6.9,"16.95463645116163, 81.79301804213891",81.79409,5500
East Godavari,Dowleswaram,Gayathri Nagar,"Near Gayathri Nagar Junction, Close to Market Street, Dowleswaram - 533125",Praveen Boys Hostel,Male,Yes,3 Sharing,No,6.9,"16.95463645116163, 81.79301804213891",81.79409,6000
East Godavari,Dowleswaram,Gayathri Nagar,"Near Gayathri Nagar Junction, Close to Market Street, Dowleswaram - 533125",Praveen Boys Hostel,Male,Yes,2 Sharing,No,6.9,"16.95463645116163, 81.79301804213891",81.79409,6500
East Godavari,Dowleswaram,Gayathri Nagar,"Near Gayathri Nagar Junction, Close to Market Street, Dowleswaram - 533125",Praveen Boys Hostel,Male,Yes,Single,No,6.9,"16.95463645116163, 81.79301804213891",81.79409,8500
East Godavari,Dowleswaram,Gayathri Nagar,"Near Gayathri Nagar Junction, Close to Market Street, Dowleswaram - 533125",Praveen Boys Hostel,Male,No,4 Sharing,No,6.9,"16.95463645116163, 81.79301804213891",81.79409,4500
East Godavari,Dowleswaram,Gayathri Nagar,"Gayathri Nagar Main Street, Near Temple Area, Dowleswaram - 533125",Lakshmi Devi Ladies Hostel,Female,Yes,4 Sharing,No,6.9,"16.95463645116163, 81.79301804213891",81.79409,5000
East Godavari,Dowleswaram,Gayathri Nagar,"Gayathri Nagar Main Street, Near Temple Area, Dowleswaram - 533125",Lakshmi Devi Ladies Hostel,Female,No,4 Sharing,No,6.9,"16.95463645116163, 81.79301804213891",81.79409,4500
East Godavari,Dowleswaram,Gayathri Nagar,"Gayathri Nagar Main Street, Near Temple Area, Dowleswaram - 533125",Lakshmi Devi Ladies Hostel,Female,Yes,2 Sharing,No,6.9,"16.95463645116163, 81.79301804213891",81.79409,6000
East Godavari,Dowleswaram,Gayathri Nagar,"Gayathri Nagar Main Street, Near Temple Area, Dowleswaram - 533125",Lakshmi Devi Ladies Hostel,Female,Yes,3 Sharing,No,6.9,"16.95463645116163, 81.79301804213891",81.79409,6500
East Godavari,Dowleswaram,Gayathri Nagar,"Gayathri Nagar Main Street, Near Temple Area, Dowleswaram - 533125",Lakshmi Devi Ladies Hostel,Female,Yes,Single,No,6.9,"16.95463645116163, 81.79301804213891",81.79409,8000
East Godavari,Korukonda,Korukonda Center,"Main Road Side Lane, Korukonda Center near Bus Stop Area - 533289",Ganesh Boys Hostel,Male,Yes,Single,No,22.5,"17.168887117696084, 81.83075834978364",81.83107375,9000
East Godavari,Korukonda,Korukonda Center,"Main Road Side Lane, Korukonda Center near Bus Stop Area - 533289",Ganesh Boys Hostel,Male,No,3 Sharing,No,22.5,"17.168887117696084, 81.83075834978364",81.83107375,5000
East Godavari,Korukonda,Korukonda Center,"Main Road Side Lane, Korukonda Center near Bus Stop Area - 533289",Ganesh Boys Hostel,Male,Yes,4 Sharing,No,22.5,"17.168887117696084, 81.83075834978364",81.83107375,6500
East Godavari,Korukonda,Korukonda Center,"Main Road Side Lane, Korukonda Center near Bus Stop Area - 533289",Ganesh Boys Hostel,Male,No,4 Sharing,No,22.5,"17.168887117696084, 81.83075834978364",81.83107375,4000
East Godavari,Korukonda,Korukonda Center,"Main Road Side Lane, Korukonda Center near Bus Stop Area - 533289",Ganesh Boys Hostel,Male,Yes,Single,No,22.5,"17.168887117696084, 81.83075834978364",81.83107375,8500
East Godavari,Korukonda,Korukonda Center,"Center Internal Street, Korukonda Near Local Market Area - 533289",Venkata Ramana Boys PG,Male,Yes,Single,Yes,22.5,"17.168887117696084, 81.83075834978364",81.83107375,12000
East Godavari,Korukonda,Korukonda Center,"Center Internal Street, Korukonda Near Local Market Area - 533289",Venkata Ramana Boys PG,Male,Yes,2 Sharing,No,22.5,"17.168887117696084, 81.83075834978364",81.83107375,6000
East Godavari,Korukonda,Korukonda Center,"Center Internal Street, Korukonda Near Local Market Area - 533289",Venkata Ramana Boys PG,Male,Yes,4 Sharing,No,22.5,"17.168887117696084, 81.83075834978364",81.83107375,5500
East Godavari,Korukonda,Korukonda Center,"Center Internal Street, Korukonda Near Local Market Area - 533289",Venkata Ramana Boys PG,Male,Yes,3 Sharing,No,22.5,"17.168887117696084, 81.83075834978364",81.83107375,6000
East Godavari,Korukonda,Korukonda Center,"Center Internal Street, Korukonda Near Local Market Area - 533289",Venkata Ramana Boys PG,Male,No,4 Sharing,No,22.5,"17.168887117696084, 81.83075834978364",81.83107375,4000
East Godavari,Korukonda,Korukonda Center,"Main Road, Korukonda Center - 533289",Bhavya Girls Hostel,Female,Yes,4 Sharing,No,22.5,"17.168887117696084, 81.83075834978364",81.83107375,5500
East Godavari,Korukonda,Korukonda Center,"Main Road, Korukonda Center - 533289",Bhavya Girls Hostel,Female,No,4 Sharing,No,22.5,"17.168887117696084, 81.83075834978364",81.83107375,4000
East Godavari,Korukonda,Korukonda Center,"Main Road, Korukonda Center - 533289",Bhavya Girls Hostel,Female,Yes,3 Sharing,No,22.5,"17.168887117696084, 81.83075834978364",81.83107375,5500
East Godavari,Korukonda,Korukonda Center,"Main Road, Korukonda Center - 533289",Bhavya Girls Hostel,Female,Yes,2 Sharing,No,22.5,"17.168887117696084, 81.83075834978364",81.83107375,6500
East Godavari,Korukonda,Korukonda Center,"Main Road, Korukonda Center - 533289",Bhavya Girls Hostel,Female,Yes,Single,No,22.5,"17.168887117696084, 81.83075834978364",81.83107375,8500
East Godavari,Korukonda,Korukonda Center,"Near Center Junction Area Close to Auto Stand, Korukonda  - 533289",Sravani Ladies PG,Female,Yes,4 Sharing,No,22.5,"17.168887117696084, 81.83075834978364",81.83107375,6000
East Godavari,Korukonda,Korukonda Center,"Near Center Junction Area Close to Auto Stand, Korukonda  - 533289",Sravani Ladies PG,Female,No,2 Sharing,No,22.5,"17.168887117696084, 81.83075834978364",81.83107375,5000
East Godavari,Korukonda,Korukonda Center,"Near Center Junction Area Close to Auto Stand, Korukonda  - 533289",Sravani Ladies PG,Female,Yes,3 Sharing,No,22.5,"17.168887117696084, 81.83075834978364",81.83107375,5500
East Godavari,Korukonda,Korukonda Center,"Near Center Junction Area Close to Auto Stand, Korukonda  - 533289",Sravani Ladies PG,Female,Yes,Single,No,22.5,"17.168887117696084, 81.83075834978364",81.83107375,8000
East Godavari,Korukonda,Korukonda Center,"Near Center Junction Area Close to Auto Stand, Korukonda  - 533289",Sravani Ladies PG,Female,No,3 Sharing,No,22.5,"17.168887117696084, 81.83075834978364",81.83107375,6000
East Godavari,Korukonda,Main Road,"Main Road, Opp Local Shops Line, Korukonda - 533289",Karthik Boys Residency,Male,Yes,Single,No,22.5,"17.168887117696084, 81.83075834978364",81.83107375,8000
East Godavari,Korukonda,Main Road,"Main Road, Opp Local Shops Line, Korukonda - 533289",Karthik Boys Residency,Male,Yes,4 Sharing,No,22.5,"17.168887117696084, 81.83075834978364",81.83107375,5500
East Godavari,Korukonda,Main Road,"Main Road, Opp Local Shops Line, Korukonda - 533289",Karthik Boys Residency,Male,Yes,3 Sharing,No,22.5,"17.168887117696084, 81.83075834978364",81.83107375,4000
East Godavari,Korukonda,Main Road,"Main Road, Opp Local Shops Line, Korukonda - 533289",Karthik Boys Residency,Male,No,4 Sharing,No,22.5,"17.168887117696084, 81.83075834978364",81.83107375,4000
East Godavari,Korukonda,Main Road,"Main Road, Opp Local Shops Line, Korukonda - 533289",Karthik Boys Residency,Male,Yes,Single,No,22.5,"17.168887117696084, 81.83075834978364",81.83107375,8500
East Godavari,Korukonda,Main Road,"Near Main Road Junction,Opp Kirana Stores Area Korukonda - 533289",Vamsi Krishna Boys Residency,Male,Yes,4 Sharing,No,22.5,"17.168887117696084, 81.83075834978364",81.83107375,6500
East Godavari,Korukonda,Main Road,"Near Main Road Junction,Opp Kirana Stores Area Korukonda - 533289",Vamsi Krishna Boys Residency,Male,Yes,3 Sharing,Yes,22.5,"17.168887117696084, 81.83075834978364",81.83107375,5500
East Godavari,Korukonda,Main Road,"Near Main Road Junction,Opp Kirana Stores Area Korukonda - 533289",Vamsi Krishna Boys Residency,Male,Yes,2 Sharing,No,22.5,"17.168887117696084, 81.83075834978364",81.83107375,6000
East Godavari,Korukonda,Main Road,"Near Main Road Junction,Opp Kirana Stores Area Korukonda - 533289",Vamsi Krishna Boys Residency,Male,Yes,Single,No,22.5,"17.168887117696084, 81.83075834978364",81.83107375,8500
East Godavari,Korukonda,Main Road,"S516 Main Road, Opp Small Shopping Complex  Korukonda - 533289",Sujatha Girls PG,Female,Yes,4 Sharing,No,22.5,"17.168887117696084, 81.83075834978364",81.83107375,5000
East Godavari,Korukonda,Main Road,"S516 Main Road, Opp Small Shopping Complex  Korukonda - 533289",Sujatha Girls PG,Female,Yes,3 Sharing,No,22.5,"17.168887117696084, 81.83075834978364",81.83107375,6500
East Godavari,Korukonda,Main Road,"S516 Main Road, Opp Small Shopping Complex  Korukonda - 533289",Sujatha Girls PG,Female,No,2 Sharing,No,22.5,"17.168887117696084, 81.83075834978364",81.83107375,7000
East Godavari,Korukonda,Main Road,"S516 Main Road, Opp Small Shopping Complex  Korukonda - 533289",Sujatha Girls PG,Female,Yes,Single ,No,22.5,"17.168887117696084, 81.83075834978364",81.83107375,8500
East Godavari,Korukonda,Main Road,"Main Road, Near Temple Entrance Road Korukonda Center - 533289",Lakshmi Devi Ladies Hostel,Female,Yes,4 Sharing,No,22.5,"17.168887117696084, 81.83075834978364",81.83107375,8500
East Godavari,Korukonda,Main Road,"Main Road, Near Temple Entrance Road Korukonda Center - 533289",Lakshmi Devi Ladies Hostel,Female,Yes,3 Sharing,No,22.5,"17.168887117696084, 81.83075834978364",81.83107375,7500
East Godavari,Korukonda,Main Road,"Main Road, Near Temple Entrance Road Korukonda Center - 533289",Lakshmi Devi Ladies Hostel,Female,No,2 Sharing,No,22.5,"17.168887117696084, 81.83075834978364",81.83107375,6000
East Godavari,Korukonda,Main Road,"Main Road, Near Temple Entrance Road Korukonda Center - 533289",Lakshmi Devi Ladies Hostel,Female,Yes,Single,No,22.5,"17.168887117696084, 81.83075834978364",81.83107375,9000
East Godavari,Korukonda,Dwaraka Sai Nagar,"2nd Line, Dwaraka Sai Nagar, Opp Local Kirana Shop Korukonda - 533289",Ravi Teja Boys Hostel,Male,Yes,Single,Yes,22.5,"17.168887117696084, 81.83075834978364",81.83107375,12000
East Godavari,Korukonda,Dwaraka Sai Nagar,"2nd Line, Dwaraka Sai Nagar, Opp Local Kirana Shop Korukonda - 533289",Ravi Teja Boys Hostel,Male,Yes,3 Sharing,No,22.5,"17.168887117696084, 81.83075834978364",81.83107375,6500
East Godavari,Korukonda,Dwaraka Sai Nagar,"2nd Line, Dwaraka Sai Nagar, Opp Local Kirana Shop Korukonda - 533289",Ravi Teja Boys Hostel,Male,Yes,4 Sharing,No,22.5,"17.168887117696084, 81.83075834978364",81.83107375,7500
East Godavari,Korukonda,Dwaraka Sai Nagar,"2nd Line, Dwaraka Sai Nagar, Opp Local Kirana Shop Korukonda - 533289",Ravi Teja Boys Hostel,Male,Yes,2 Sharing,No,22.5,"17.168887117696084, 81.83075834978364",81.83107375,6500
East Godavari,Korukonda,Dwaraka Sai Nagar,"Main Street, Dwaraka Sai Nagar near Temple road, Korukonda - 533289",Lakshmi Narayana Ladies Hostel,Female,Yes,2 Sharing,Yes,22.5,"17.168887117696084, 81.83075834978364",81.83107375,8000
East Godavari,Korukonda,Dwaraka Sai Nagar,"Main Street, Dwaraka Sai Nagar near Temple road, Korukonda - 533289",Lakshmi Narayana Ladies Hostel,Female,No,2 Sharing,No,22.5,"17.168887117696084, 81.83075834978364",81.83107375,5500
East Godavari,Korukonda,Dwaraka Sai Nagar,"Main Street, Dwaraka Sai Nagar near Temple road, Korukonda - 533289",Lakshmi Narayana Ladies Hostel,Female,Yes,4 Sharing,No,22.5,"17.168887117696084, 81.83075834978364",81.83107375,6000
East Godavari,Korukonda,Dwaraka Sai Nagar,"Main Street, Dwaraka Sai Nagar near Temple road, Korukonda - 533289",Lakshmi Narayana Ladies Hostel,Female,Yes ,3 Sharing,No,22.5,"17.168887117696084, 81.83075834978364",81.83107375,6500
East Godavari,Korukonda,Dwaraka Sai Nagar,"Main Street, Dwaraka Sai Nagar near Temple road, Korukonda - 533289",Lakshmi Narayana Ladies Hostel,Female,Yes,Single,No,22.5,"17.168887117696084, 81.83075834978364",81.83107375,7500
East Godavari,Korukonda,Dwaraka Sai Nagar,"Main Street, Dwaraka Sai Nagar near Temple road, Korukonda - 533289",Lakshmi Narayana Ladies Hostel,Female,No,4 Sharing,No,22.5,"17.168887117696084, 81.83075834978364",81.83107375,4500
East Godavari,Korukonda,Lakshmi Narasimha Swamy Temple Area,"Temple Hill Road, near hill climb starting point, Korukonda - 533289",Raghava boys residency,Male,Yes,4 Sharing,No,22.5,"17.168887117696084, 81.83075834978364",81.83107375,5000
East Godavari,Korukonda,Lakshmi Narasimha Swamy Temple Area,"Temple Hill Road, near hill climb starting point, Korukonda - 533289",Raghava boys residency,Male,Yes,3 Sharing,No,22.5,"17.168887117696084, 81.83075834978364",81.83107375,5500
East Godavari,Korukonda,Lakshmi Narasimha Swamy Temple Area,"Temple Hill Road, near hill climb starting point, Korukonda - 533289",Raghava boys residency,Male,Yes,2 Sharing,No,22.5,"17.168887117696084, 81.83075834978364",81.83107375,6000
East Godavari,Korukonda,Lakshmi Narasimha Swamy Temple Area,"Temple Hill Road, near hill climb starting point, Korukonda - 533289",Raghava boys residency,Male,No,4 Sharing,No,22.5,"17.168887117696084, 81.83075834978364",81.83107375,4000
East Godavari,Korukonda,Lakshmi Narasimha Swamy Temple Area,"Shivalayam Area, Korukonda - 533289",Ganesh Boys Hostel,Male,Yes,4 Sharing,No,22.5,"17.168887117696084, 81.83075834978364",81.83107375,5000
East Godavari,Korukonda,Lakshmi Narasimha Swamy Temple Area,"Shivalayam Area, Korukonda - 533289",Ganesh Boys Hostel,Male,No,4 Sharing,Yes,22.5,"17.168887117696084, 81.83075834978364",81.83107375,6500
East Godavari,Korukonda,Lakshmi Narasimha Swamy Temple Area,"Shivalayam Area, Korukonda - 533289",Ganesh Boys Hostel,Male,Yes,3 Sharing,No,22.5,"17.168887117696084, 81.83075834978364",81.83107375,6000
East Godavari,Korukonda,Lakshmi Narasimha Swamy Temple Area,"Shivalayam Area, Korukonda - 533289",Ganesh Boys Hostel,Male,Yes,2 Sharing,No,22.5,"17.168887117696084, 81.83075834978364",81.83107375,8000
East Godavari,Korukonda,Lakshmi Narasimha Swamy Temple Area,"Shivalayam Area, Korukonda - 533289",Ganesh Boys Hostel,Male,Yes,Single,No,22.5,"17.168887117696084, 81.83075834978364",81.83107375,10000
East Godavari,Korukonda,Lakshmi Narasimha Swamy Temple Area,"Shivalayam Area, Korukonda - 533289",Ganesh Boys Hostel,Male,Yes,2 Sharing,Yes,22.5,"17.168887117696084, 81.83075834978364",81.83107375,11000
East Godavari,Anaparthi,Anaparthi Center,"Near Center Main Street, Anaparthi, East Godavari - 533342",Sri Krishna Boys Center,Male,No,3 Sharing,No,29.8,"16.936981129066005, 81.95401091246826","81.05116.936981129066005, 81.9540109124682639",5000
East Godavari,Anaparthi,Anaparthi Center,"Near Center Main Street, Anaparthi, East Godavari - 533342",Sri Krishna Boys Center,Male,Yes,Single,No,29.8,"16.936981129066005, 81.95401091246826","81.05116.936981129066005, 81.9540109124682639",7500
East Godavari,Anaparthi,Anaparthi Center,"Near Center Main Street, Anaparthi, East Godavari - 533342",Sri Krishna Boys Center,Male,Yes,3 Sharing,No,29.8,"16.936981129066005, 81.95401091246826","81.05116.936981129066005, 81.9540109124682639",6500
East Godavari,Anaparthi,Anaparthi Center,"Near Center Main Street, Anaparthi, East Godavari - 533342",Sri Krishna Boys Center,Male,Yes,4 Sharing,No,29.8,"16.936981129066005, 81.95401091246826","81.05116.936981129066005, 81.9540109124682639",5000
East Godavari,Anaparthi,Anaparthi Center,"Near Center Main Street, Anaparthi, East Godavari - 533342",Sri Krishna Boys Center,Male,No,4 Sharing,No,29.8,"16.936981129066005, 81.95401091246826","81.05116.936981129066005, 81.9540109124682639",4000
East Godavari,Anaparthi,Anaparthi Center,"Near Center Main Street, Anaparthi, East Godavari - 533342",Sri Krishna Boys Center,Male,Yes,2 Sharing,No,29.8,"16.936981129066005, 81.95401091246826","81.05116.936981129066005, 81.9540109124682639",6500
East Godavari,Anaparthi,Anaparthi Center,"Center Bazaar Street, Anaparthi, East Godavari - 533342",Lakshmi Priya Girls PG,Female,Yes,2 Sharing,No,29.8,"16.936981129066005, 81.95401091246826","81.05116.936981129066005, 81.9540109124682639",7000
East Godavari,Anaparthi,Anaparthi Center,"Center Bazaar Street, Anaparthi, East Godavari - 533342",Lakshmi Priya Girls PG,Female,Yes,Single,Yes,29.8,"16.936981129066005, 81.95401091246826","81.05116.936981129066005, 81.9540109124682639",12500
East Godavari,Anaparthi,Anaparthi Center,"Center Bazaar Street, Anaparthi, East Godavari - 533342",Lakshmi Priya Girls PG,Female,Yes,4 Sharing,No,29.8,"16.936981129066005, 81.95401091246826","81.05116.936981129066005, 81.9540109124682639",5500
East Godavari,Anaparthi,Anaparthi Center,"Center Bazaar Street, Anaparthi, East Godavari - 533342",Lakshmi Priya Girls PG,Female,Yes,3 Sharing,No,29.8,"16.936981129066005, 81.95401091246826","81.05116.936981129066005, 81.9540109124682639",5000
East Godavari,Anaparthi,Railway Station Area,"Main Road, Near Cinema Theater Area, Anaparthi - 533342",Satya Boys PG,Male,No,4 Sharing,No,29.8,"16.936981129066005, 81.95401091246826","81.05116.936981129066005, 81.9540109124682639",4500
East Godavari,Anaparthi,Railway Station Area,"Main Road, Near Cinema Theater Area, Anaparthi - 533342",Satya Boys PG,Male,Yes,4 Sharing,No,29.8,"16.936981129066005, 81.95401091246826","81.05116.936981129066005, 81.9540109124682639",5000
East Godavari,Anaparthi,Railway Station Area,"Main Road, Near Cinema Theater Area, Anaparthi - 533342",Satya Boys PG,Male,Yes,3 Sharing,No,29.8,"16.936981129066005, 81.95401091246826","81.05116.936981129066005, 81.9540109124682639",5500
East Godavari,Anaparthi,Railway Station Area,"Main Road, Near Cinema Theater Area, Anaparthi - 533342",Satya Boys PG,Male,Yes,Single,Yes,29.8,"16.936981129066005, 81.95401091246826","81.05116.936981129066005, 81.9540109124682639",12500
East Godavari,Anaparthi,Railway Station Area,"Main Road, Near Cinema Theater Area, Anaparthi - 533342",Satya Boys PG,Male,No,3 Sharing,No,29.8,"16.936981129066005, 81.95401091246826","81.05116.936981129066005, 81.9540109124682639",4000
East Godavari,Anaparthi,Railway Station Area,"Station Road Lane, Near Railway Gate, Anaparthi - 533342",Padma Ladies Residency,Female,Yes,2 Sharing,No,29.8,"16.936981129066005, 81.95401091246826","81.05116.936981129066005, 81.9540109124682639",6000
East Godavari,Anaparthi,Railway Station Area,"Station Road Lane, Near Railway Gate, Anaparthi - 533342",Padma Ladies Residency,Female,Yes,3 Sharing,Yes,29.8,"16.936981129066005, 81.95401091246826","81.05116.936981129066005, 81.9540109124682639",8500
East Godavari,Anaparthi,Railway Station Area,"Station Road Lane, Near Railway Gate, Anaparthi - 533342",Padma Ladies Residency,Female,No,4 Sharing,No,29.8,"16.936981129066005, 81.95401091246826","81.05116.936981129066005, 81.9540109124682639",4500
East Godavari,Anaparthi,Railway Station Area,"Station Road Lane, Near Railway Gate, Anaparthi - 533342",Padma Ladies Residency,Female,Yes,4 Sharing,No,29.8,"16.936981129066005, 81.95401091246826","81.05116.936981129066005, 81.9540109124682639",4000
East Godavari,Anaparthi,Railway Station Area,"Railway Station Road, Anaparthi, East Godavari - 533342",Kiran Boys PG,Male,Yes,Single,No,29.8,"16.936981129066005, 81.95401091246826","81.05116.936981129066005, 81.9540109124682639",7500
East Godavari,Anaparthi,Railway Station Area,"Railway Station Road, Anaparthi, East Godavari - 533342",Kiran Boys PG,Male,No,2 Sharing,No,29.8,"16.936981129066005, 81.95401091246826","81.05116.936981129066005, 81.9540109124682639",9000
East Godavari,Anaparthi,Veerullamma Temple Area,"Temple Back Lane, Veerullamma Area, Anaparthi - 533342",Anusha Ladies PG,Female,Yes,2 Sharing,Yes,29.8,"16.936981129066005, 81.95401091246826","81.05116.936981129066005, 81.9540109124682639",9500
East Godavari,Anaparthi,Veerullamma Temple Area,"Temple Back Lane, Veerullamma Area, Anaparthi - 533342",Anusha Ladies PG,Female,No,4 Sharing,No,29.8,"16.936981129066005, 81.95401091246826","81.05116.936981129066005, 81.9540109124682639",4000
East Godavari,Anaparthi,Veerullamma Temple Area,"Temple Back Lane, Veerullamma Area, Anaparthi - 533342",Anusha Ladies PG,Female,Yes,Single,No,29.8,"16.936981129066005, 81.95401091246826","81.05116.936981129066005, 81.9540109124682639",7500
East Godavari,Anaparthi,Veerullamma Temple Area,"Temple Back Lane, Veerullamma Area, Anaparthi - 533342",Anusha Ladies PG,Female,Yes,3 Sharing,No,29.8,"16.936981129066005, 81.95401091246826","81.05116.936981129066005, 81.9540109124682639",6500
East Godavari,Anaparthi,Veerullamma Temple Area,"Temple Back Lane, Veerullamma Area, Anaparthi - 533342",Anusha Ladies PG,Female,Yes,4 Sharing,No,29.8,"16.936981129066005, 81.95401091246826","81.05116.936981129066005, 81.9540109124682639",4500
East Godavari,Anaparthi,Veerullamma Temple Area,"New Colony Main Street, Anaparthi - 533342",Karthik Boys Residency,Male,No,Single,No,29.8,"16.936981129066005, 81.95401091246826","81.05116.936981129066005, 81.9540109124682639",6000
East Godavari,Anaparthi,Veerullamma Temple Area,"New Colony Main Street, Anaparthi - 533342",Karthik Boys Residency,Male,Yes,4 Sharing,No,29.8,"16.936981129066005, 81.95401091246826","81.05116.936981129066005, 81.9540109124682639",6500
East Godavari,Anaparthi,Veerullamma Temple Area,"New Colony Main Street, Anaparthi - 533342",Karthik Boys Residency,Male,No,2 Sharing,No,29.8,"16.936981129066005, 81.95401091246826","81.05116.936981129066005, 81.9540109124682639",6500
East Godavari,Anaparthi,Veerullamma Temple Area,"New Colony Main Street, Anaparthi - 533342",Karthik Boys Residency,Male,Yes,3 Sharing,No,29.8,"16.936981129066005, 81.95401091246826","81.05116.936981129066005, 81.9540109124682639",7500
East Godavari,Anaparthi,Market Area,"Vegetable Market Road, Anaparthi - 533342",Sravani Girls Hostel,Female,Yes,4 Sharing,No,29.8,"16.936981129066005, 81.95401091246826","81.05116.936981129066005, 81.9540109124682639",5500
East Godavari,Anaparthi,Market Area,"Vegetable Market Road, Anaparthi - 533342",Sravani Girls Hostel,Female,No,4 Sharing,No,29.8,"16.936981129066005, 81.95401091246826","81.05116.936981129066005, 81.9540109124682639",6000
East Godavari,Anaparthi,Market Area,"Vegetable Market Road, Anaparthi - 533342",Sravani Girls Hostel,Female,Yes,3 Sharing,No,29.8,"16.936981129066005, 81.95401091246826","81.05116.936981129066005, 81.9540109124682639",4500
East Godavari,Anaparthi,Market Area,"Vegetable Market Road, Anaparthi - 533342",Sravani Girls Hostel,Female,No,2 Sharing,No,29.8,"16.936981129066005, 81.95401091246826","81.05116.936981129066005, 81.9540109124682639",7500
East Godavari,Anaparthi,Market Area,"Vegetable Market Road, Anaparthi - 533342",Sravani Girls Hostel,Female,Yes,Single,No,29.8,"16.936981129066005, 81.95401091246826","81.05116.936981129066005, 81.9540109124682639",6500
East Godavari,Anaparthi,Market Area,"Bazaar Main Street, Market Area, Anaparthi - 533342",Jyothi Boys Hostel,Male,Yes,2 Sharing,No,29.8,"16.936981129066005, 81.95401091246826","81.05116.936981129066005, 81.9540109124682639",4000
East Godavari,Anaparthi,Market Area,"Bazaar Main Street, Market Area, Anaparthi - 533342",Jyothi Boys Hostel,Male,No,4 Sharing,No,29.8,"16.936981129066005, 81.95401091246826","81.05116.936981129066005, 81.9540109124682639",6000
East Godavari,Anaparthi,Market Area,"Bazaar Main Street, Market Area, Anaparthi - 533342",Jyothi Boys Hostel,Male,Yes,3 Sharing,No,29.8,"16.936981129066005, 81.95401091246826","81.05116.936981129066005, 81.9540109124682639",5000
East Godavari,Seethanagaram,Seethanagaram Center,"Main Road, Seethanagaram Center - 533287",Ravi Teja Boys Residency,Male,No,Single,No,23.9,"17.1977117355404, 81.6852408068164",81.68524081,7500
East Godavari,Seethanagaram,Seethanagaram Center,"Main Road, Seethanagaram Center - 533287",Ravi Teja Boys Residency,Male,Yes,3 Sharing,No,23.9,"17.1977117355404, 81.6852408068164",81.68524081,6500
East Godavari,Seethanagaram,Seethanagaram Center,"Main Road, Seethanagaram Center - 533287",Ravi Teja Boys Residency,Male,Yes,4 Sharing,No,23.9,"17.1977117355404, 81.6852408068164",81.68524081,4500
East Godavari,Seethanagaram,Seethanagaram Center,"Main Road, Seethanagaram Center - 533287",Ravi Teja Boys Residency,Male,Yes,2 Sharing,No,23.9,"17.1977117355404, 81.6852408068164",81.68524081,5500
East Godavari,Seethanagaram,Seethanagaram Center,"Near Degree College Road, Seethanagaram - 533287",Chaitanya Boys Residency,Male,Yes,4 Sharing,No,23.9,"17.1977117355404, 81.6852408068164",81.68524081,6500
East Godavari,Seethanagaram,Seethanagaram Center,"Near Degree College Road, Seethanagaram - 533287",Chaitanya Boys Residency,Male,No,3 Sharing,No,23.9,"17.1977117355404, 81.6852408068164",81.68524081,7000
East Godavari,Seethanagaram,Seethanagaram Center,"Near Degree College Road, Seethanagaram - 533287",Chaitanya Boys Residency,Male,Yes,3 Sharing,No,23.9,"17.1977117355404, 81.6852408068164",81.68524081,7500
East Godavari,Seethanagaram,Seethanagaram Center,"Near Degree College Road, Seethanagaram - 533287",Chaitanya Boys Residency,Male,Yes,2 Sharing,No,23.9,"17.1977117355404, 81.6852408068164",81.68524081,5000
East Godavari,Seethanagaram,Seethanagaram Center,"Chinakondepudi Road, Seethanagaram - 533287",Padma Ladies Residency,Female,Yes,Single,Yes,23.9,"17.1977117355404, 81.6852408068164",81.68524081,11500
East Godavari,Seethanagaram,Seethanagaram Center,"Chinakondepudi Road, Seethanagaram - 533287",Padma Ladies Residency,Female,Yes,2 Sharing,No,23.9,16.05702,83.17479,6500
East Godavari,Seethanagaram,Seethanagaram Center,"Chinakondepudi Road, Seethanagaram - 533287",Padma Ladies Residency,Female,No,3 Sharing,No,23.9,16.05702,83.17479,6000
East Godavari,Seethanagaram,Government Hospital Area,"Main Bazaar Street, Seethanagaram - 533287",Chaitanya Girls PG,Female,No,3 Sharing,No,23.9,16.05702,83.17479,4500
East Godavari,Seethanagaram,Government Hospital Area,"Main Bazaar Street, Seethanagaram - 533287",Chaitanya Girls PG,Female,Yes,2 Sharing,No,23.9,16.05702,83.17479,6500
East Godavari,Seethanagaram,Government Hospital Area,"Main Bazaar Street, Seethanagaram - 533287",Chaitanya Girls PG,Female,Yes,4 Sharing,No,23.9,16.05702,83.17479,8000
East Godavari,Seethanagaram,Government Hospital Area,"Main Bazaar Street, Seethanagaram - 533287",Chaitanya Girls PG,Female,Yes,Single,No,23.9,16.05702,83.17479,5500
East Godavari,Seethanagaram,Government Hospital Area,"Government Hospital Area, Seethanagaram - 533287",Sai Ram Boys Hostel,Male,Yes,4 Sharing,No,23.9,16.05702,83.17479,6500
East Godavari,Seethanagaram,Government Hospital Area,"Government Hospital Area, Seethanagaram - 533287",Sai Ram Boys Hostel,Male,Yes,3 Sharing,No,23.9,16.05702,83.17479,6000
East Godavari,Seethanagaram,Government Hospital Area,"Government Hospital Area, Seethanagaram - 533287",Sai Ram Boys Hostel,Male,Yes,2 Sharing,Yes,23.9,16.05702,83.17479,12500
East Godavari,Seethanagaram,Government Hospital Area,"Government Hospital Area, Seethanagaram - 533287",Sai Ram Boys Hostel,Male,Yes,2 Sharing,No,23.9,16.05702,83.17479,6000
East Godavari,Seethanagaram,Government Hospital Area,"Government Hospital Area, Seethanagaram - 533287",Sai Ram Boys Hostel,Male,No,4 Sharing,No,23.9,16.05702,83.17479,4000
East Godavari,Seethanagaram,Raghudevapuram Road Area,"Raghudevapuram Main Road, Seethanagaram - 533287",Vihan Residency for Boys,Male,Yes,4 Sharing,No,23.9,16.05702,83.17479,5500
East Godavari,Seethanagaram,Raghudevapuram Road Area,"Raghudevapuram Main Road, Seethanagaram - 533287",Vihan Residency for Boys,Male,Yes,3 Sharing,No,23.9,16.05702,83.17479,6000
East Godavari,Seethanagaram,Raghudevapuram Road Area,"Raghudevapuram Main Road, Seethanagaram - 533287",Vihan Residency for Boys,Male,Yes,2 Sharing,Yes,23.9,16.05702,83.17479,9500
East Godavari,Seethanagaram,Raghudevapuram Road Area,"Raghudevapuram Main Road, Seethanagaram - 533287",Vihan Residency for Boys,Male,No,4 Sharing,No,23.9,16.05702,83.17479,4000
East Godavari,Seethanagaram,Raghudevapuram Road Area,"Raghudevapuram Road Extension, Seethanagaram - 533287",Sai Vardhan Boys Hostel,Male,Yes,4 Sharing,No,23.9,16.05702,83.17479,6500
East Godavari,Seethanagaram,Raghudevapuram Road Area,"Raghudevapuram Road Extension, Seethanagaram - 533287",Sai Vardhan Boys Hostel,Male,No,3 Sharing,No,23.9,16.05702,83.17479,7500
East Godavari,Seethanagaram,Raghudevapuram Road Area,"Raghudevapuram Road Extension, Seethanagaram - 533287",Sai Vardhan Boys Hostel,Male,Yes,2 Sharing,No,23.9,16.05702,83.17479,6500
East Godavari,Seethanagaram,Raghudevapuram Road Area,"Raghudevapuram Road Extension, Seethanagaram - 533287",Sai Vardhan Boys Hostel,Male,No,4 Sharing,No,23.9,16.05702,83.17479,4000
East Godavari,Seethanagaram,Raghudevapuram Road Area,"Raghudevapuram Road, Seethanagaram - 533287",Harini Homes Ladies PG,Female,Yes,4 Sharing,No,23.9,16.05702,83.17479,5000
East Godavari,Seethanagaram,Raghudevapuram Road Area,"Raghudevapuram Road, Seethanagaram - 533287",Harini Homes Ladies PG,Female,No,3 Sharing,No,23.9,16.05702,83.17479,6000
East Godavari,Seethanagaram,Raghudevapuram Road Area,"Raghudevapuram Road, Seethanagaram - 533287",Harini Homes Ladies PG,Female,Yes,2 Sharing,No,23.9,16.05702,83.17479,7500
East Godavari,Seethanagaram,Raghudevapuram Road Area,"Raghudevapuram Road, Seethanagaram - 533287",Harini Homes Ladies PG,Female,No,Single,No,23.9,16.05702,83.17479,5000
East Godavari,Seethanagaram,Government Degree College Area,"Degree College Road, Seethanagaram - 533287",Akhil Sai Boys Hostel,Male,Yes,4 Sharing,No,23.9,16.05702,83.17479,5000
East Godavari,Seethanagaram,Government Degree College Area,"Degree College Road, Seethanagaram - 533287",Akhil Sai Boys Hostel,Male,No,3 Sharing,No,23.9,16.05702,83.17479,4000
East Godavari,Seethanagaram,Government Degree College Area,"Degree College Road, Seethanagaram - 533287",Akhil Sai Boys Hostel,Male,Yes,2 Sharing,No,23.9,16.05702,83.17479,6500
East Godavari,Seethanagaram,Government Degree College Area,"Degree College Road, Seethanagaram - 533287",Akhil Sai Boys Hostel,Male,Yes,Single,No,23.9,16.05702,83.17479,7500
East Godavari,Seethanagaram,Government Degree College Area,"Degree College Main Street, Seethanagaram - 533287",Siri Vaishnavi Ladies Hostel,Female,Yes,4 Sharing,No,23.9,16.05702,83.17479,5500
East Godavari,Seethanagaram,Government Degree College Area,"Degree College Main Street, Seethanagaram - 533287",Siri Vaishnavi Ladies Hostel,Female,Yes,3 Sharing,No,23.9,16.05702,83.17479,6000
East Godavari,Seethanagaram,Government Degree College Area,"Degree College Main Street, Seethanagaram - 533287",Siri Vaishnavi Ladies Hostel,Female,No,4 Sharing,No,23.9,16.05702,83.17479,7500
East Godavari,Seethanagaram,Government Degree College Area,"Degree College Main Street, Seethanagaram - 533287",Siri Vaishnavi Ladies Hostel,Female,Yes,2 Sharing,No,23.9,16.05702,83.17479,8000
East Godavari,Seethanagaram,Government Degree College Area,"Degree College Main Street, Seethanagaram - 533287",Siri Vaishnavi Ladies Hostel,Female,Yes,Single,No,23.9,16.05702,83.17479,8500
Kakinada,Peddapuram,Peddapuram Center,"Main Road, Peddapuram Center - 533437",Sri Venkata Sai Boys Hostel,Male,Yes,4 Sharing,Yes,42.8,17.07721727,82.13893248,8000
Kakinada,Peddapuram,Peddapuram Center,"Main Road, Peddapuram Center - 533437",Sri Venkata Sai Boys Hostel,Male,No,4 Sharing,No,42.8,17.07721727,82.13893248,4000
Kakinada,Peddapuram,Peddapuram Center,"Main Road, Peddapuram Center - 533437",Sri Venkata Sai Boys Hostel,Male,Yes,3 Sharing,No,42.8,17.07721727,82.13893248,6000
Kakinada,Peddapuram,Peddapuram Center,"Main Road, Peddapuram Center - 533437",Sri Venkata Sai Boys Hostel,Male,Yes,2 Sharing,No,42.8,17.07721727,82.13893248,7500
Kakinada,Peddapuram,Peddapuram Center,"Main Road, Peddapuram Center - 533437",Vaishnavi Comfort Girls PG,Female,Yes,4 Sharing,No,42.8,17.07721727,82.13893248,6500
Kakinada,Peddapuram,Peddapuram Center,"Main Road, Peddapuram Center - 533437",Vaishnavi Comfort Girls PG,Female,No,3 Sharing,No,42.8,17.07721727,82.13893248,5000
Kakinada,Peddapuram,Peddapuram Center,"Main Road, Peddapuram Center - 533437",Vaishnavi Comfort Girls PG,Female,Yes,2 Sharing,No,42.8,17.07721727,82.13893248,7500
Kakinada,Peddapuram,Peddapuram Center,"State Bank Colony, Peddapuram - 533437",Padma Ladies PG,Female,Yes,4 Sharing,No,42.8,17.07721727,82.13893248,5000
Kakinada,Peddapuram,Peddapuram Center,"State Bank Colony, Peddapuram - 533437",Padma Ladies PG,Female,No,4 Sharing,No,42.8,17.07721727,82.13893248,4000
Kakinada,Peddapuram,Peddapuram Center,"State Bank Colony, Peddapuram - 533437",Padma Ladies PG,Female,Yes,3 Sharing,No,42.8,17.07721727,82.13893248,6500
Kakinada,Peddapuram,Peddapuram Center,"State Bank Colony, Peddapuram - 533437",Padma Ladies PG,Female,Yes,2 Sharing,No,42.8,17.07721727,82.13893248,8000
Kakinada,Peddapuram,Peddapuram Center,"State Bank Colony, Peddapuram - 533437",Padma Ladies PG,Female,Yes,Single,No,42.8,17.07721727,82.13893248,8500
Kakinada,Peddapuram,Market Road,"Market Main Street, Peddapuram - 533437",Charan Teja Boys Hostel,Male,Yes,4 Sharing,No,42.8,17.07721727,82.13893248,5000
Kakinada,Peddapuram,Market Road,"Market Main Street, Peddapuram - 533437",Charan Teja Boys Hostel,Male,No,4 Sharing,No,42.8,17.07721727,82.13893248,4000
Kakinada,Peddapuram,Market Road,"Market Main Street, Peddapuram - 533437",Charan Teja Boys Hostel,Male,Yes,3 Sharing,No,42.8,17.07721727,82.13893248,6500
Kakinada,Peddapuram,Market Road,"Market Main Street, Peddapuram - 533437",Charan Teja Boys Hostel,Male,Yes,2 Sharing,No,42.8,17.07721727,82.13893248,7000
Kakinada,Peddapuram,Market Road,"Market Main Street adjacent to kirana stores, Peddapuram - 533437",Sirisha Nivas Ladies Hostel,Female,Yes,4 Sharing,No,42.8,17.07721727,82.13893248,4500
Kakinada,Peddapuram,Market Road,"Market Main Street adjacent to kirana stores, Peddapuram - 533437",Sirisha Nivas Ladies Hostel,Female,Yes,2 Sharing,No,42.8,17.07721727,82.13893248,7000
Kakinada,Peddapuram,Market Road,"Market Main Street adjacent to kirana stores, Peddapuram - 533437",Sirisha Nivas Ladies Hostel,Female,No,3 Sharing,No,42.8,17.07721727,82.13893248,5000
Kakinada,Peddapuram,Market Road,"Market Main Street adjacent to kirana stores, Peddapuram - 533437",Sirisha Nivas Ladies Hostel,Female,Yes,Single,Yes,42.8,17.07721727,82.13893248,12500
Kakinada,Peddapuram,Market Road,"Market Road Area Opp Small Shopping Complex, Peddapuram - 533437",Tejalakshmi Girls Residency,Female,Yes,4 Sharing,No,42.8,17.07721727,82.13893248,12500
Kakinada,Peddapuram,Market Road,"Market Road Area Opp Small Shopping Complex, Peddapuram - 533437",Tejalakshmi Girls Residency,Female,No,3 Sharing,No,42.8,17.07721727,82.13893248,4500
Kakinada,Peddapuram,Market Road,"Market Road Area Opp Small Shopping Complex, Peddapuram - 533437",Tejalakshmi Girls Residency,Female,Yes,2 Sharing,Yes,42.8,17.07721727,82.13893248,8500
Kakinada,Peddapuram,Market Road,"Market Road Area Opp Small Shopping Complex, Peddapuram - 533437",Tejalakshmi Girls Residency,Female,No,4 Sharing,No,42.8,17.07721727,82.13893248,4500
Kakinada,Peddapuram,Market Road,"Market Road Area Opp Small Shopping Complex, Peddapuram - 533437",Tejalakshmi Girls Residency,Female,Yes,Single,No,42.8,17.07721727,82.13893248,7500
Kakinada,Peddapuram,Sri Maridamma Temple Area,"Saravari Street Opp Sri Maridamma Temple, Peddapuram - 533437",Rohith Sai Boys Hostel,Male,Yes,4 Sharing,No,42.8,17.07721727,82.13893248,6500
Kakinada,Peddapuram,Sri Maridamma Temple Area,"Saravari Street Opp Sri Maridamma Temple, Peddapuram - 533437",Rohith Sai Boys Hostel,Male,No,3 Sharing,No,42.8,17.07721727,82.13893248,4000
Kakinada,Peddapuram,Sri Maridamma Temple Area,"Saravari Street Opp Sri Maridamma Temple, Peddapuram - 533437",Rohith Sai Boys Hostel,Male,Yes,3 Sharing,No,42.8,17.07721727,82.13893248,6000
Kakinada,Peddapuram,Sri Maridamma Temple Area,"Saravari Street Opp Sri Maridamma Temple, Peddapuram - 533437",Rohith Sai Boys Hostel,Male,Yes,2 Sharing,No,42.8,17.07721727,82.13893248,7500
Kakinada,Peddapuram,Sri Maridamma Temple Area,"Kondayyapeta Adjacent to Water Tank Area, Peddapuram - 533437",Divya Sri Ladies PG,Female,Yes,4 Sharing,No,42.8,17.07721727,82.13893248,5500
Kakinada,Peddapuram,Sri Maridamma Temple Area,"Kondayyapeta Adjacent to Water Tank Area, Peddapuram - 533437",Divya Sri Ladies PG,Female,No,3 Sharing,No,42.8,17.07721727,82.13893248,4000
Kakinada,Peddapuram,Sri Maridamma Temple Area,"Kondayyapeta Adjacent to Water Tank Area, Peddapuram - 533437",Divya Sri Ladies PG,Female,Yes,2 Sharing,No,42.8,17.07721727,82.13893248,7500
Kakinada,Peddapuram,Sri Maridamma Temple Area,"Kondayyapeta Adjacent to Water Tank Area, Peddapuram - 533437",Divya Sri Ladies PG,Female,Yes,3 Sharing,Yes,42.8,17.07721727,82.13893248,9500
Kakinada,Peddapuram,Sri Maridamma Temple Area,"Kondayyapeta Adjacent to Water Tank Area, Peddapuram - 533437",Divya Sri Ladies PG,Female,Yes,Single,No,42.8,17.07721727,82.13893248,9000
Kakinada,Kakinada,Bhanugudi,"Venkat Nagar, Kakinada- 533003",Sunrise Boys Hostel,Male,No,2 Sharing,No,50,17.799285,82.873255,6000
Kakinada,Kakinada,Bhanugudi,"Venkat Nagar, Kakinada- 533003",Sunrise Boys Hostel,Male,Yes,Single,Yes,50,17.799285,82.873255,12500
Kakinada,Kakinada,Bhanugudi,"Venkat Nagar, Kakinada- 533003",Sunrise Boys Hostel,Male,Yes,3 Sharing,No,50,17.799285,82.873255,7500
Kakinada,Kakinada,Bhanugudi,"Venkat Nagar, Kakinada- 533003",Sunrise Boys Hostel,Male,Yes,4 Sharing,No,50,17.799285,82.873255,8000
Kakinada,Kakinada,Bhanugudi,"Venkat Nagar, Kakinada- 533003",Sunrise Boys Hostel,Male,Yes,4 Sharing,No,50,17.799285,82.873255,7000
Kakinada,Kakinada,Bhanugudi,"Ayodyanagar near aditya degree college , Kakinada - 533003",Sri Sai Bhavani Pg Hostel,Female,No,3 Sharing,No,50,17.799285,82.873255,5500
Kakinada,Kakinada,Bhanugudi,"Ayodyanagar near aditya degree college , Kakinada - 533003",Sri Sai Bhavani Pg Hostel,Female,Yes,3 Sharing,No,50,17.799285,82.873255,7500
Kakinada,Kakinada,Bhanugudi,"Ayodyanagar near aditya degree college , Kakinada - 533003",Sri Sai Bhavani Pg Hostel,Female,Yes,4 Sharing,No,50,17.799285,82.873255,6500
Kakinada,Kakinada,Bhanugudi,"Ayodyanagar near aditya degree college , Kakinada - 533003",Sri Sai Bhavani Pg Hostel,Female,Yes,2 Sharing,No,50,17.799285,82.873255,6000
Kakinada,Kakinada,Bhanugudi,"Ayodyanagar near aditya degree college , Kakinada - 533003",Sri Sai Bhavani Pg Hostel,Female,Yes,2 Sharing,Yes,50,17.799285,82.873255,9000
Kakinada,Kakinada,Bhanugudi,"Near town railway station, sriram nagar bhanugudi junction, Kakinada - 533003",Rajyam Women's Hostel,Female,No,Single,No,50,17.799285,82.873255,6000
Kakinada,Kakinada,Bhanugudi,"Near town railway station, sriram nagar bhanugudi junction, Kakinada - 533003",Rajyam Women's Hostel,Female,No,2 Sharing,No,50,17.799285,82.873255,6000
Kakinada,Kakinada,Bhanugudi,"Near town railway station, sriram nagar bhanugudi junction, Kakinada - 533003",Rajyam Women's Hostel,Female,Yes,4 Sharing,No,50,17.799285,82.873255,5500
Kakinada,Kakinada,Bhanugudi,"Near town railway station, sriram nagar bhanugudi junction, Kakinada - 533003",Rajyam Women's Hostel,Female,Yes,3 Sharing,No,50,17.799285,82.873255,7500
Kakinada,Kakinada,Bhanugudi,"Near town railway station, sriram nagar bhanugudi junction, Kakinada - 533003",Rajyam Women's Hostel,Female,Yes,2 Sharing,Yes,50,17.799285,82.873255,8000
Kakinada,Kakinada,Bhanugudi,"Shanti Nagar Bhanugudi junction, Kakinada - 533003",Vinayaka Mens Hostel,Male,No,2 Sharing,Yes,50,17.799285,82.873255,8000
Kakinada,Kakinada,Bhanugudi,"Shanti Nagar Bhanugudi junction, Kakinada - 533003",Vinayaka Mens Hostel,Male,Yes,Single,No,50,17.799285,82.873255,9000
Kakinada,Kakinada,Bhanugudi,"Shanti Nagar Bhanugudi junction, Kakinada - 533003",Vinayaka Mens Hostel,Male,No,4 Sharing,No,50,17.799285,82.873255,4000
Kakinada,Kakinada,Bhanugudi,"Shanti Nagar Bhanugudi junction, Kakinada - 533003",Vinayaka Mens Hostel,Male,Yes,4 Sharing,No,50,17.799285,82.873255,5500
Kakinada,Kakinada,Bhanugudi,"Shanti Nagar Bhanugudi junction, Kakinada - 533003",Vinayaka Mens Hostel,Male,No,3 Sharing,No,50,17.799285,82.873255,7000
Kakinada,Kakinada,Indrapalem,"Ramaraopeta Indrapalem junction, Kakinada-533006",DR.BR Amhedkar PG Boys Hostel,Male,No,Single,Yes,50,17.799285,82.873255,8000
Kakinada,Kakinada,Indrapalem,"Ramaraopeta Indrapalem junction, Kakinada-533006",DR.BR Amhedkar PG Boys Hostel,Male,Yes,3 Sharing,Yes,50,17.799285,82.873255,7000
Kakinada,Kakinada,Indrapalem,"Ramaraopeta Indrapalem junction, Kakinada-533006",DR.BR Amhedkar PG Boys Hostel,Male,No,2 Sharing,No,50,17.799285,82.873255,5500
Kakinada,Kakinada,Indrapalem,"Ramaraopeta Indrapalem junction, Kakinada-533006",DR.BR Amhedkar PG Boys Hostel,Male,Yes,4 Sharing,No,50,17.799285,82.873255,7500
Kakinada,Kakinada,Indrapalem,"Ramaraopeta Indrapalem junction, Kakinada-533006",DR.BR Amhedkar PG Boys Hostel,Male,No,3 Sharing,No,50,17.799285,82.873255,5000
Kakinada,Kakinada,Indrapalem,"D.No 2-178, Indrapalem Main Road Opp JNTU Kakinada Road Junction, Kakinada - 533006",Navodaya Ladies Hostel ,Female,No,3 Sharing,No,50,17.799285,82.873255,4000
Kakinada,Kakinada,Indrapalem,"D.No 2-178, Indrapalem Main Road Opp JNTU Kakinada Road Junction, Kakinada - 533006",Navodaya Ladies Hostel ,Female,Yes,3 Sharing,No,50,17.799285,82.873255,5500
Kakinada,Kakinada,Indrapalem,"D.No 2-178, Indrapalem Main Road Opp JNTU Kakinada Road Junction, Kakinada - 533006",Navodaya Ladies Hostel ,Female,Yes,4 Sharing,Yes,50,17.799285,82.873255,7500
Kakinada,Kakinada,Indrapalem,"D.No 2-178, Indrapalem Main Road Opp JNTU Kakinada Road Junction, Kakinada - 533006",Navodaya Ladies Hostel ,Female,No,2 Sharing,No,50,17.799285,82.873255,7000
Kakinada,Kakinada,Indrapalem,"D.No 2-178, Indrapalem Main Road Opp JNTU Kakinada Road Junction, Kakinada - 533006",Navodaya Ladies Hostel ,Female,No,4 Sharing,Yes,50,17.799285,82.873255,7500
Kakinada,Kakinada,Indrapalem,"D.No 4-63, Sambamurthy Nagar, Indrapalem, Kakinada - 533006",Ganapathi Women's Hostel,Female,No,Single,No,50,17.799285,82.873255,5500
Kakinada,Kakinada,Indrapalem,"D.No 4-63, Sambamurthy Nagar, Indrapalem, Kakinada - 533006",Ganapathi Women's Hostel,Female,Yes,3 Sharing,Yes,50,17.799285,82.873255,8000
Kakinada,Kakinada,Indrapalem,"D.No 4-63, Sambamurthy Nagar, Indrapalem, Kakinada - 533006",Ganapathi Women's Hostel,Female,No,4 Sharing,No,50,17.799285,82.873255,4500
Kakinada,Kakinada,Indrapalem,"D.No 4-63, Sambamurthy Nagar, Indrapalem, Kakinada - 533006",Ganapathi Women's Hostel,Female,Yes,3 Sharing,No,50,17.799285,82.873255,7000
Kakinada,Kakinada,Indrapalem,"D.No 4-63, Sambamurthy Nagar, Indrapalem, Kakinada - 533006",Ganapathi Women's Hostel,Female,No,2 Sharing,Yes,50,17.799285,82.873255,6500
Kakinada,Kakinada,Indrapalem,"D.No 4-63, Sambamurthy Nagar, Indrapalem, Kakinada - 533006",Ganapathi Women's Hostel,Female,Yes,4 Sharing,Yes,50,17.799285,82.873255,7500
Kakinada,Kakinada,Indrapalem,"D.No 6-78, Karri Vari Street, Ramaraopeta, Kakinada - 533004",Dr. B.R Ambedkar Boys PG Hostel,Male,Yes,Single,Yes,50,17.799285,82.873255,12000
Kakinada,Kakinada,Indrapalem,"D.No 6-78, Karri Vari Street, Ramaraopeta, Kakinada - 533004",Dr. B.R Ambedkar Boys PG Hostel,Male,Yes,4 Sharing,No,50,17.799285,82.873255,6000
Kakinada,Kakinada,Indrapalem,"D.No 6-78, Karri Vari Street, Ramaraopeta, Kakinada - 533004",Dr. B.R Ambedkar Boys PG Hostel,Male,No,4 Sharing,No,50,17.799285,82.873255,4000
Kakinada,Kakinada,Indrapalem,"D.No 6-78, Karri Vari Street, Ramaraopeta, Kakinada - 533004",Dr. B.R Ambedkar Boys PG Hostel,Male,No,3 Sharing,No,50,17.799285,82.873255,7000
Kakinada,Kakinada,Indrapalem," Indrapalem Main Street, Kakinada - 533006",Sai Teja Boys Residency,Male,Yes,4 Sharing,No,50,17.799285,82.873255,5000
Kakinada,Kakinada,Indrapalem," Indrapalem Main Street, Kakinada - 533006",Sai Teja Boys Residency,Male,Yes,2 Sharing,No,50,17.799285,82.873255,6000
Kakinada,Kakinada,Indrapalem," Indrapalem Main Street, Kakinada - 533006",Sai Teja Boys Residency,Male,Yes,3 Sharing,No,50,17.799285,82.873255,6500
Kakinada,Kakinada,Indrapalem," Indrapalem Main Street, Kakinada - 533006",Sai Teja Boys Residency,Male,No,4 Sharing,No,50,17.799285,82.873255,4000
Kakinada,Kakinada,Indrapalem," Indrapalem Main Street, Kakinada - 533006",Sai Teja Boys Residency,Male,No,Single,No,50,17.799285,82.873255,7000
Kakinada,Kakinada,Ramaraopeta,"Sambamurthy Street 2nd Floor Ramaraopeta, Kakinada-533003",Advitha Womens Hostel,Female,Yes,4 Sharing,No,60.8,16.98013628,82.21738933,6500
Kakinada,Kakinada,Ramaraopeta,"Sambamurthy Street 2nd Floor Ramaraopeta, Kakinada-533003",Advitha Womens Hostel,Female,Yes,3 Sharing,No,60.8,16.98013628,82.21738933,7500
Kakinada,Kakinada,Ramaraopeta,"Sambamurthy Street 2nd Floor Ramaraopeta, Kakinada-533003",Advitha Womens Hostel,Female,Yes,Single,Yes,60.8,16.98013628,82.21738933,12500
Kakinada,Kakinada,Ramaraopeta,"Sambamurthy Street 2nd Floor Ramaraopeta, Kakinada-533003",Advitha Womens Hostel,Female,Yes,2 Sharing,No,60.8,16.98013628,82.21738933,5500
Kakinada,Kakinada,Ramaraopeta,"Sambamurthy Street 2nd Floor Ramaraopeta, Kakinada-533003",Advitha Womens Hostel,Female,No,4 Sharing,No,60.8,16.98013628,82.21738933,4000
Kakinada,Kakinada,Ramaraopeta,"Ayodhya Nagar Bhanugudi junction, Kakinada-533003",Classic Boys Hostel,Male,No,3 Sharing,Yes,60.8,16.98013628,82.21738933,7000
Kakinada,Kakinada,Ramaraopeta,"Ayodhya Nagar Bhanugudi junction, Kakinada-533003",Classic Boys Hostel,Male,Yes,Single,No,60.8,16.98013628,82.21738933,8000
Kakinada,Kakinada,Ramaraopeta,"Ayodhya Nagar Bhanugudi junction, Kakinada-533003",Classic Boys Hostel,Male,Yes,4 Sharing,No,60.8,16.98013628,82.21738933,5500
Kakinada,Kakinada,Ramaraopeta,"Ayodhya Nagar Bhanugudi junction, Kakinada-533003",Classic Boys Hostel,Male,No,2 Sharing,Yes,60.8,16.98013628,82.21738933,6500
Kakinada,Kakinada,Ramaraopeta,"Ayodhya Nagar Bhanugudi junction, Kakinada-533003",Classic Boys Hostel,Male,No,Single,No,60.8,16.98013628,82.21738933,4500
Kakinada,Kakinada,Ramaraopeta,"Door No 2-25-11 Bhanugudi junction, Kakinada-533003",Meenakshi Hostel,Female,No,Single,Yes,60.8,16.98013628,82.21738933,8000
Kakinada,Kakinada,Ramaraopeta,"Door No 2-25-11 Bhanugudi junction, Kakinada-533003",Meenakshi Hostel,Female,Yes,3 Sharing,No,60.8,16.98013628,82.21738933,6500
Kakinada,Kakinada,Ramaraopeta,"Door No 2-25-11 Bhanugudi junction, Kakinada-533003",Meenakshi Hostel,Female,Yes,4 Sharing,Yes,60.8,16.98013628,82.21738933,8500
Kakinada,Kakinada,Ramaraopeta,"Door No 2-25-11 Bhanugudi junction, Kakinada-533003",Meenakshi Hostel,Female,No,Single,Yes,60.8,16.98013628,82.21738933,8000
Kakinada,Kakinada,Ramaraopeta,"Door No 2-25-11 Bhanugudi junction, Kakinada-533003",Meenakshi Hostel,Female,Yes,4 Sharing,Yes,60.8,16.98013628,82.21738933,8000
Kakinada,Kakinada,Ramaraopeta,"Bhaskar Nagar, Kakinada-533003",Surya Boys Hostel,Male,Yes,3 Sharing,Yes,60.8,16.98013628,82.21738933,6000
Kakinada,Kakinada,Ramaraopeta,"Bhaskar Nagar, Kakinada-533003",Surya Boys Hostel,Male,No,Single,Yes,60.8,16.98013628,82.21738933,8500
Kakinada,Kakinada,Ramaraopeta,"Bhaskar Nagar, Kakinada-533003",Surya Boys Hostel,Male,Yes,Single,Yes,60.8,16.98013628,82.21738933,10500
Kakinada,Kakinada,Ramaraopeta,"Bhaskar Nagar, Kakinada-533003",Surya Boys Hostel,Male,Yes,4 Sharing,Yes,60.8,16.98013628,82.21738933,12500
Kakinada,Kakinada,Ramaraopeta,"Bhaskar Nagar, Kakinada-533003",Surya Boys Hostel,Male,No,2 Sharing,Yes,60.8,16.98013628,82.21738933,7500
Kakinada,Kakinada,Sarpavaram,"Thimmapuram Sarpavaram junction, Kakinada-533005",Au Campus Women's Hostel,Female,Yes,2 Sharing,No,60.8,16.98013628,82.21738933,8000
Kakinada,Kakinada,Sarpavaram,"Thimmapuram Sarpavaram junction, Kakinada-533005",Au Campus Women's Hostel,Female,No,Single,Yes,60.8,16.98013628,82.21738933,8500
Kakinada,Kakinada,Sarpavaram,"Thimmapuram Sarpavaram junction, Kakinada-533005",Au Campus Women's Hostel,Female,No,2 Sharing,No,60.8,16.98013628,82.21738933,5000
Kakinada,Kakinada,Sarpavaram,"Thimmapuram Sarpavaram junction, Kakinada-533005",Au Campus Women's Hostel,Female,No,3 Sharing,Yes,60.8,16.98013628,82.21738933,7000
Kakinada,Kakinada,Sarpavaram,"Thimmapuram Sarpavaram junction, Kakinada-533005",Au Campus Women's Hostel,Female,Yes,Single,No,60.8,16.98013628,82.21738933,9000
Kakinada,Kakinada,Sarpavaram,"Madhav Nagar, JNTU road, Kakinada-533005",Rangaraya Mens Hostel,Male,No,4 Sharing,No,60.8,16.98013628,82.21738933,4500
Kakinada,Kakinada,Sarpavaram,"Madhav Nagar, JNTU road, Kakinada-533005",Rangaraya Mens Hostel,Male,No,2 Sharing,Yes,60.8,16.98013628,82.21738933,7500
Kakinada,Kakinada,Sarpavaram,"Madhav Nagar, JNTU road, Kakinada-533005",Rangaraya Mens Hostel,Male,Yes,Single,Yes,60.8,16.98013628,82.21738933,12500
Kakinada,Kakinada,Sarpavaram,"Madhav Nagar, JNTU road, Kakinada-533005",Rangaraya Mens Hostel,Male,No,2 Sharing,No,60.8,16.98013628,82.21738933,6500
Kakinada,Kakinada,Sarpavaram,"Madhav Nagar, JNTU road, Kakinada-533005",Rangaraya Mens Hostel,Male,Yes,3 Sharing,No,60.8,16.98013628,82.21738933,7000
Kakinada,Kakinada,Sarpavaram,"Santhi Nagar, Kakinada-533005",Ganapathi Women's Hostel,Female,Yes,3 Sharing,Yes,60.8,16.98013628,82.21738933,8000
Kakinada,Kakinada,Sarpavaram,"Santhi Nagar, Kakinada-533005",Ganapathi Women's Hostel,Female,No,4 Sharing,No,60.8,16.98013628,82.21738933,4500
Kakinada,Kakinada,Sarpavaram,"Santhi Nagar, Kakinada-533005",Ganapathi Women's Hostel,Female,Yes,Single,No,60.8,16.98013628,82.21738933,10000
Kakinada,Kakinada,Sarpavaram,"Santhi Nagar, Kakinada-533005",Ganapathi Women's Hostel,Female,Yes,4 Sharing,Yes,60.8,16.98013628,82.21738933,8500
Kakinada,Kakinada,Sarpavaram,"Santhi Nagar, Kakinada-533005",Ganapathi Women's Hostel,Female,No,3 Sharing,No,60.8,16.98013628,82.21738933,5000
Kakinada,Kakinada,Sarpavaram,"Near Ayodyanagar, Kakinada-533005",Sri Sai Krishna Pg Hostel,Male,No,3 Sharing,Yes,60.8,16.98013628,82.21738933,6500
Kakinada,Kakinada,Sarpavaram,"Near Ayodyanagar, Kakinada-533005",Sri Sai Krishna Pg Hostel,Male,Yes,3 Sharing,Yes,60.8,16.98013628,82.21738933,8500
Kakinada,Kakinada,Sarpavaram,"Near Ayodyanagar, Kakinada-533005",Sri Sai Krishna Pg Hostel,Male,Yes,Single,No,60.8,16.98013628,82.21738933,8000
Kakinada,Kakinada,Sarpavaram,"Near Ayodyanagar, Kakinada-533005",Sri Sai Krishna Pg Hostel,Male,No,3 Sharing,Yes,60.8,16.98013628,82.21738933,8500
Kakinada,Kakinada,Sarpavaram,"Near Ayodyanagar, Kakinada-533005",Sri Sai Krishna Pg Hostel,Male,Yes,2 Sharing,Yes,60.8,16.98013628,82.21738933,9000
Kakinada,Kakinada,Sarpavaram,"Near Ayodyanagar, Kakinada-533005",Sri Sai Krishna Pg Hostel,Male,Yes,4 Sharing,No,60.8,16.98013628,82.21738933,7500
Kakinada,Pithapuram,Pithapuram Center,"D.No 2-134, Gandhi Bomma Center Road Opp Gandhi Bomma Circle, Pithapuram - 533450",Sai Kiran Boys Residency,Male,Yes,Single,Yes,60,17.11080281,82.25742248,12500
Kakinada,Pithapuram,Pithapuram Center,"D.No 2-134, Gandhi Bomma Center Road Opp Gandhi Bomma Circle, Pithapuram - 533450",Sai Kiran Boys Residency,Male,No,3 Sharing,Yes,60,17.11080281,82.25742248,6000
Kakinada,Pithapuram,Pithapuram Center,"D.No 2-134, Gandhi Bomma Center Road Opp Gandhi Bomma Circle, Pithapuram - 533450",Sai Kiran Boys Residency,Male,Yes,2 Sharing,No,60,17.11080281,82.25742248,7500
Kakinada,Pithapuram,Pithapuram Center,"D.No 2-134, Gandhi Bomma Center Road Opp Gandhi Bomma Circle, Pithapuram - 533450",Sai Kiran Boys Residency,Male,No,Single,No,60,17.11080281,82.25742248,5000
Kakinada,Pithapuram,Pithapuram Center,"D.No 2-134, Gandhi Bomma Center Road Opp Gandhi Bomma Circle, Pithapuram - 533450",Sai Kiran Boys Residency,Male,Yes,4 Sharing,No,60,17.11080281,82.25742248,7000
Kakinada,Pithapuram,Pithapuram Center,"D.No 2-134, Gandhi Bomma Center Road Opp Gandhi Bomma Circle, Pithapuram - 533450",Sai Kiran Boys Residency,Male,Yes,Single,Yes,60,17.11080281,82.25742248,12500
Kakinada,Pithapuram,Pithapuram Center,"D.No 1-89, Kalyanamandapam Street, Pithapuram - 533450",Sri Venkata Ramana Boys Hostel,Male,No,4 Sharing,Yes,60,17.11080281,82.25742248,8000
Kakinada,Pithapuram,Pithapuram Center,"D.No 1-89, Kalyanamandapam Street, Pithapuram - 533450",Sri Venkata Ramana Boys Hostel,Male,Yes,3 Sharing,No,60,17.11080281,82.25742248,7500
Kakinada,Pithapuram,Pithapuram Center,"D.No 1-89, Kalyanamandapam Street, Pithapuram - 533450",Sri Venkata Ramana Boys Hostel,Male,Yes,Single,Yes,60,17.11080281,82.25742248,12500
Kakinada,Pithapuram,Pithapuram Center,"D.No 1-89, Kalyanamandapam Street, Pithapuram - 533450",Sri Venkata Ramana Boys Hostel,Male,Yes,3 Sharing,No,60,17.11080281,82.25742248,6000
Kakinada,Pithapuram,Pithapuram Center,"D.No 1-89, Kalyanamandapam Street, Pithapuram - 533450",Sri Venkata Ramana Boys Hostel,Male,Yes,2 Sharing,Yes,60,17.11080281,82.25742248,9000
Kakinada,Pithapuram,Pithapuram Center,"D.No 3-120, Temple Road, Pithapuram - 533450",Sri Lakshmi Women's Residency,Female,Yes,3 Sharing,Yes,60,17.11080281,82.25742248,8500
Kakinada,Pithapuram,Pithapuram Center,"D.No 3-120, Temple Road, Pithapuram - 533450",Sri Lakshmi Women's Residency,Female,No,4 Sharing,Yes,60,17.11080281,82.25742248,6500
Kakinada,Pithapuram,Pithapuram Center,"D.No 3-120, Temple Road, Pithapuram - 533450",Sri Lakshmi Women's Residency,Female,Yes,Single,No,60,17.11080281,82.25742248,11000
Kakinada,Pithapuram,Pithapuram Center,"D.No 3-120, Temple Road, Pithapuram - 533450",Sri Lakshmi Women's Residency,Female,Yes,4 Sharing,No,60,17.11080281,82.25742248,7000
Kakinada,Pithapuram,Pithapuram Center,"D.No 3-120, Temple Road, Pithapuram - 533450",Sri Lakshmi Women's Residency,Female,Yes,Single,Yes,60,17.11080281,82.25742248,13000
Kakinada,Pithapuram,Pithapuram Center,"D.No 4-33, Verraraghavapuram Street, Pithapuram - 533450",Sowmya Comfort Ladies PG,Female,Yes,Single,No,60,17.11080281,82.25742248,6000
Kakinada,Pithapuram,Pithapuram Center,"D.No 4-33, Verraraghavapuram Street, Pithapuram - 533450",Sowmya Comfort Ladies PG,Female,No,4 Sharing,No,60,17.11080281,82.25742248,10000
Kakinada,Pithapuram,Pithapuram Center,"D.No 4-33, Verraraghavapuram Street, Pithapuram - 533450",Sowmya Comfort Ladies PG,Female,Yes,2 Sharing,No,60,17.11080281,82.25742248,7500
Kakinada,Pithapuram,Pithapuram Center,"D.No 4-33, Verraraghavapuram Street, Pithapuram - 533450",Sowmya Comfort Ladies PG,Female,No,4 Sharing,Yes,60,17.11080281,82.25742248,8000
Kakinada,Pithapuram,Gandhi Bomma Center,"D.No 1-122, Main Bazaar Street, Gandhi Bomma Center, Pithapuram - 533450",Venkata Sai Boys Hostel,Male,No,3 Sharing,Yes,60,17.11080281,82.25742248,7000
Kakinada,Pithapuram,Gandhi Bomma Center,"D.No 1-122, Main Bazaar Street, Gandhi Bomma Center, Pithapuram - 533450",Venkata Sai Boys Hostel,Male,Yes,Single,Yes,60,17.11080281,82.25742248,11500
Kakinada,Pithapuram,Gandhi Bomma Center,"D.No 1-122, Main Bazaar Street, Gandhi Bomma Center, Pithapuram - 533450",Venkata Sai Boys Hostel,Male,Yes,2 Sharing,No,60,17.11080281,82.25742248,9000
Kakinada,Pithapuram,Gandhi Bomma Center,"D.No 1-122, Main Bazaar Street, Gandhi Bomma Center, Pithapuram - 533450",Venkata Sai Boys Hostel,Male,No,3 Sharing,Yes,60,17.11080281,82.25742248,8500
Kakinada,Pithapuram,Gandhi Bomma Center,"D.No 1-122, Main Bazaar Street, Gandhi Bomma Center, Pithapuram - 533450",Venkata Sai Boys Hostel,Male,Yes,4 Sharing,Yes,60,17.11080281,82.25742248,11000
Kakinada,Pithapuram,Gandhi Bomma Center,"D.No 3-78, Kalyanamandapam Road Adjacent to kalyanamandapam function hall, Pithapuram - 533450",Kiran Kumar Boys PG Homes,Male,Yes,4 Sharing,Yes,60,17.357482,81.733276,9400
Kakinada,Pithapuram,Gandhi Bomma Center,"D.No 3-78, Kalyanamandapam Road Adjacent to kalyanamandapam function hall, Pithapuram - 533450",Kiran Kumar Boys PG Homes,Male,No,4 Sharing,No,60,17.796765,80.54991,4500
Kakinada,Pithapuram,Gandhi Bomma Center,"D.No 3-78, Kalyanamandapam Road Adjacent to kalyanamandapam function hall, Pithapuram - 533450",Kiran Kumar Boys PG Homes,Male,No,2 Sharing,No,60,17.099483,82.02286,6500
Kakinada,Pithapuram,Gandhi Bomma Center,"D.No 3-78, Kalyanamandapam Road Adjacent to kalyanamandapam function hall, Pithapuram - 533450",Kiran Kumar Boys PG Homes,Male,Yes,3 Sharing,No,60,17.099483,82.02286,7000
Kakinada,Pithapuram,Gandhi Bomma Center,"D.No 3-78, Kalyanamandapam Road Adjacent to kalyanamandapam function hall, Pithapuram - 533450",Kiran Kumar Boys PG Homes,Male,Yes,Single,No,60,17.099483,82.02286,10500
Kakinada,Pithapuram,Gandhi Bomma Center,"D.No 2-88, Gandhi Bomma Center Street Opp Shopping Complex, Pithapuram - 533450",Navya Sri Ladies PG Homes,Female,Yes,Single,Yes,60,17.099483,82.02286,8000
Kakinada,Pithapuram,Gandhi Bomma Center,"D.No 2-88, Gandhi Bomma Center Street Opp Shopping Complex, Pithapuram - 533450",Navya Sri Ladies PG Homes,Female,No,3 Sharing,Yes,60,17.099483,82.02286,6000
Kakinada,Pithapuram,Gandhi Bomma Center,"D.No 2-88, Gandhi Bomma Center Street Opp Shopping Complex, Pithapuram - 533450",Navya Sri Ladies PG Homes,Female,No,4 Sharing,No,60,17.099483,82.02286,5500
Kakinada,Pithapuram,Gandhi Bomma Center,"D.No 2-88, Gandhi Bomma Center Street Opp Shopping Complex, Pithapuram - 533450",Navya Sri Ladies PG Homes,Female,No,Single,Yes,60,17.099483,82.02286,9000
Kakinada,Pithapuram,Gandhi Bomma Center,"D.No 4-101, Temple Road, Pithapuram - 533450",Bhargavi Women's Residency,Female,Yes,Single,No,60,17.099483,82.02286,9000
Kakinada,Pithapuram,Gandhi Bomma Center,"D.No 4-101, Temple Road, Pithapuram - 533450",Bhargavi Women's Residency,Female,No,3 Sharing,Yes,60,17.099483,82.02286,8000
Kakinada,Pithapuram,Gandhi Bomma Center,"D.No 4-101, Temple Road, Pithapuram - 533450",Bhargavi Women's Residency,Female,Yes,2 Sharing,Yes,60,17.099483,82.02286,10000
Kakinada,Pithapuram,Gandhi Bomma Center,"D.No 4-101, Temple Road, Pithapuram - 533450",Bhargavi Women's Residency,Female,No,3 Sharing,Yes,60,17.099483,82.02286,7600
Kakinada,Pithapuram,Gandhi Bomma Center,"D.No 4-101, Temple Road, Pithapuram - 533450",Bhargavi Women's Residency,Female,No,Single,Yes,60,17.099483,82.02286,9000
Kakinada,Pithapuram,Gandhi Bomma Center,"D.No 4-101, Temple Road, Pithapuram - 533450",Bhargavi Women's Residency,Female,No,4 Sharing,Yes,60,17.099483,82.02286,8000
Kakinada,Pithapuram,Main Road,"D.No 2-118, Main Road, Pithapuram - 533450",Sri Sai Ram Boys Residency,Male,Yes,4 Sharing,No,60,17.099483,82.02286,7000
Kakinada,Pithapuram,Main Road,"D.No 2-118, Main Road, Pithapuram - 533450",Sri Sai Ram Boys Residency,Male,Yes,3 Sharing,No,60,17.099483,82.02286,8500
Kakinada,Pithapuram,Main Road,"D.No 2-118, Main Road, Pithapuram - 533450",Sri Sai Ram Boys Residency,Male,No,Single,No,60,17.099483,82.02286,6000
Kakinada,Pithapuram,Main Road,"D.No 2-118, Main Road, Pithapuram - 533450",Sri Sai Ram Boys Residency,Male,Yes,2 Sharing,Yes,60,17.099483,82.02286,9000
Kakinada,Pithapuram,Main Road,"D.No 2-118, Main Road, Pithapuram - 533450",Sri Sai Ram Boys Residency,Male,No,3 Sharing,No,60,17.099483,82.02286,5000
Kakinada,Pithapuram,Main Road,"D.No 5-21, Main Road Beside bus stop road, Pithapuram - 533450",Vijay Krishna Boys Residency,Male,No,4 Sharing,No,60,17.099483,82.02286,5500
Kakinada,Pithapuram,Main Road,"D.No 5-21, Main Road Beside bus stop road, Pithapuram - 533450",Vijay Krishna Boys Residency,Male,Yes,2 Sharing,Yes,60,17.099483,82.02286,9500
Kakinada,Pithapuram,Main Road,"D.No 5-21, Main Road Beside bus stop road, Pithapuram - 533450",Vijay Krishna Boys Residency,Male,Yes,3 Sharing,No,60,17.099483,82.02286,7500
Kakinada,Pithapuram,Main Road,"D.No 5-21, Main Road Beside bus stop road, Pithapuram - 533450",Vijay Krishna Boys Residency,Male,No,3 Sharing,Yes,60,17.099483,82.02286,8500
Kakinada,Pithapuram,Main Road,"D.No 5-21, Main Road Beside bus stop road, Pithapuram - 533450",Vijay Krishna Boys Residency,Male,Yes,2 Sharing,No,60,17.099483,82.02286,8500
Kakinada,Pithapuram,Main Road,"D.No 3-89, Main Road Street 2, Pithapuram - 533450",Sree Lakshmi Ladies Residency,Female,No,Single,No,60,17.099483,82.02286,7000
Kakinada,Pithapuram,Main Road,"D.No 3-89, Main Road Street 2, Pithapuram - 533450",Sree Lakshmi Ladies Residency,Female,No,2 Sharing,No,60,17.099483,82.02286,8000
Kakinada,Pithapuram,Main Road,"D.No 3-89, Main Road Street 2, Pithapuram - 533450",Sree Lakshmi Ladies Residency,Female,No,4 Sharing,No,60,17.099483,82.02286,5000
Kakinada,Pithapuram,Main Road,"D.No 3-89, Main Road Street 2, Pithapuram - 533450",Sree Lakshmi Ladies Residency,Female,No,3 Sharing,No,60,17.099483,82.02286,6500
Kakinada,Pithapuram,Main Road,"D.No 4-28, Main Road Junction Street Opp junction circle, Pithapuram - 533450",Bhavya Sri Ladies PG Homes,Female,Yes,3 Sharing,Yes,60,17.099483,82.02286,7500
Kakinada,Pithapuram,Main Road,"D.No 4-28, Main Road Junction Street Opp junction circle, Pithapuram - 533450",Bhavya Sri Ladies PG Homes,Female,Yes,Single,Yes,60,17.099483,82.02286,12500
Kakinada,Pithapuram,Main Road,"D.No 4-28, Main Road Junction Street Opp junction circle, Pithapuram - 533450",Bhavya Sri Ladies PG Homes,Female,No,3 Sharing,No,60,17.099483,82.02286,6500
Kakinada,Pithapuram,Main Road,"D.No 4-28, Main Road Junction Street Opp junction circle, Pithapuram - 533450",Bhavya Sri Ladies PG Homes,Female,No,4 Sharing,No,60,17.099483,82.02286,5000
Kakinada,Pithapuram,Main Road,"D.No 4-28, Main Road Junction Street Opp junction circle, Pithapuram - 533450",Bhavya Sri Ladies PG Homes,Female,No,Single,No,60,17.099483,82.02286,7000
Kakinada,Pithapuram,Main Road,"D.No 4-28, Main Road Junction Street Opp junction circle, Pithapuram - 533450",Bhavya Sri Ladies PG Homes,Female,No,2 Sharing,No,60,17.099483,82.02286,6000
Kakinada,Pithapuram,Market Area,"D.No 2-134, Market Area Main Road, Pithapuram - 533450",Sri Sai Durga Boys Residency,Male,Yes,Single,No,60,17.099483,82.02286,8500
Kakinada,Pithapuram,Market Area,"D.No 2-134, Market Area Main Road, Pithapuram - 533450",Sri Sai Durga Boys Residency,Male,No,2 Sharing,No,60,17.099483,82.02286,6500
Kakinada,Pithapuram,Market Area,"D.No 2-134, Market Area Main Road, Pithapuram - 533450",Sri Sai Durga Boys Residency,Male,No,4 Sharing,No,60,17.099483,82.02286,6000
Kakinada,Pithapuram,Market Area,"D.No 2-134, Market Area Main Road, Pithapuram - 533450",Sri Sai Durga Boys Residency,Male,Yes,4 Sharing,No,60,17.099483,82.02286,7500
Kakinada,Pithapuram,Market Area,"D.No 4-102, Market Street Opp Main Bazaar Entrance, Pithapuram - 533450",Vamsi Sai Boys Residency,Male,No,Single,No,60,17.099483,82.02286,6500
Kakinada,Pithapuram,Market Area,"D.No 4-102, Market Street Opp Main Bazaar Entrance, Pithapuram - 533450",Vamsi Sai Boys Residency,Male,Yes,3 Sharing,No,60,17.099483,82.02286,7000
Kakinada,Pithapuram,Market Area,"D.No 4-102, Market Street Opp Main Bazaar Entrance, Pithapuram - 533450",Vamsi Sai Boys Residency,Male,Yes,2 Sharing,Yes,60,17.099483,82.02286,9000
Kakinada,Pithapuram,Market Area,"D.No 4-102, Market Street Opp Main Bazaar Entrance, Pithapuram - 533450",Vamsi Sai Boys Residency,Male,No,2 Sharing,Yes,60,17.099483,82.02286,8500
Kakinada,Pithapuram,Market Area,"D.No 4-102, Market Street Opp Main Bazaar Entrance, Pithapuram - 533450",Vamsi Sai Boys Residency,Male,No,4 Sharing,No,60,17.099483,82.02286,5500
Kakinada,Pithapuram,Market Area,"D.No 2-76, Market Area Road Opp Vegetable Market Gate, Pithapuram - 533450",Navya Lakshmi Ladies PG Homes,Female,Yes,2 Sharing,No,60,17.099483,82.02286,7500
Kakinada,Pithapuram,Market Area,"D.No 2-76, Market Area Road Opp Vegetable Market Gate, Pithapuram - 533450",Navya Lakshmi Ladies PG Homes,Female,No,3 Sharing,No,60,17.099483,82.02286,5500
Kakinada,Pithapuram,Market Area,"D.No 2-76, Market Area Road Opp Vegetable Market Gate, Pithapuram - 533450",Navya Lakshmi Ladies PG Homes,Female,No,2 Sharing,No,60,17.099483,82.02286,6500
Kakinada,Pithapuram,Market Area,"D.No 2-76, Market Area Road Opp Vegetable Market Gate, Pithapuram - 533450",Navya Lakshmi Ladies PG Homes,Female,Yes,3 Sharing,No,60,17.099483,82.02286,8000
Kakinada,Pithapuram,Market Area,"D.No 2-76, Market Area Road Opp Vegetable Market Gate, Pithapuram - 533450",Navya Lakshmi Ladies PG Homes,Female,Yes,Single,No,60,17.099483,82.02286,9500
Kakinada,Pithapuram,Market Area,"D.No 5-90, Market Area Street, Pithapuram - 533450",Anusha Nivas Ladies Stay,Female,No,2 Sharing,No,60,17.099483,82.02286,6500
Kakinada,Pithapuram,Market Area,"D.No 5-90, Market Area Street, Pithapuram - 533450",Anusha Nivas Ladies Stay,Female,Yes,3 Sharing,Yes,60,17.099483,82.02286,8500
Kakinada,Pithapuram,Market Area,"D.No 5-90, Market Area Street, Pithapuram - 533450",Anusha Nivas Ladies Stay,Female,No,4 Sharing,No,60,17.099483,82.02286,5000
Kakinada,Pithapuram,Market Area,"D.No 5-90, Market Area Street, Pithapuram - 533450",Anusha Nivas Ladies Stay,Female,Yes,Single,Yes,60,17.099483,82.02286,12500
Kakinada,Pithapuram,Market Area,"D.No 5-90, Market Area Street, Pithapuram - 533450",Anusha Nivas Ladies Stay,Female,Yes,2 Sharing,No,60,17.099483,82.02286,6500
Kakinada,Pithapuram,Market Area,"D.No 5-90, Market Area Street, Pithapuram - 533450",Anusha Nivas Ladies Stay,Female,No,Single,No,60,17.099483,82.02286,6500
Kakinada,Pithapuram,Temple Street,"D.No 1-143, Temple Road beside temple shops , Pithapuram - 533450",Rama Chandra Boys Hostel,Male,No,2 Sharing,No,60,17.099483,82.02286,6000
Kakinada,Pithapuram,Temple Street,"D.No 1-143, Temple Road beside temple shops , Pithapuram - 533450",Rama Chandra Boys Hostel,Male,Yes,Single,Yes,60,17.099483,82.02286,12000
Kakinada,Pithapuram,Temple Street,"D.No 1-143, Temple Road beside temple shops , Pithapuram - 533450",Rama Chandra Boys Hostel,Male,No,4 Sharing,Yes,60,17.099483,82.02286,6500
Kakinada,Pithapuram,Temple Street,"D.No 1-143, Temple Road beside temple shops , Pithapuram - 533450",Rama Chandra Boys Hostel,Male,No,3 Sharing,No,60,17.099483,82.02286,8500
Kakinada,Pithapuram,Temple Street,"D.No 4-29, Temple Road Extension, Pithapuram - 533450",Venkata Sai Boys Stay,Male,No,4 Sharing,Yes,60,17.099483,82.02286,7500
Kakinada,Pithapuram,Temple Street,"D.No 4-29, Temple Road Extension, Pithapuram - 533450",Venkata Sai Boys Stay,Male,No,4 Sharing,No,60,17.099483,82.02286,8000
Kakinada,Pithapuram,Temple Street,"D.No 4-29, Temple Road Extension, Pithapuram - 533450",Venkata Sai Boys Stay,Male,No,3 Sharing,No,60,17.099483,82.02286,7500
Kakinada,Pithapuram,Temple Street,"D.No 4-29, Temple Road Extension, Pithapuram - 533450",Venkata Sai Boys Stay,Male,Yes,4 Sharing,Yes,60,17.099483,82.02286,8500
Kakinada,Pithapuram,Temple Street,"D.No 4-29, Temple Road Extension, Pithapuram - 533450",Venkata Sai Boys Stay,Male,No,3 Sharing,No,60,17.099483,82.02286,7000
Kakinada,Pithapuram,Temple Street,"D.No 1-64, Temple Street Line 1, Pithapuram - 533450",Annapurna Ladies Hostel,Female,Yes,Single,Yes,60,17.099483,82.02286,12500
Kakinada,Pithapuram,Temple Street,"D.No 107-37, Temple Street Main Road, Pithapuram - 533003",Annapurna Ladies Hostel,Female,No,4 Sharing,Yes,60,17.099483,82.02286,8500
Kakinada,Pithapuram,Temple Street,"D.No 107-37, Temple Street Main Road, Pithapuram - 533003",Annapurna Ladies Hostel,Female,No,2 Sharing,Yes,60,17.099483,82.02286,9500
Kakinada,Pithapuram,Temple Street,"D.No 107-37, Temple Street Main Road, Pithapuram - 533003",Annapurna Ladies Hostel,Female,No,Single,No,60,17.099483,82.02286,5500
Kakinada,Pithapuram,Temple Street,"D.No 107-37, Temple Street Main Road, Pithapuram - 533003",Annapurna Ladies Hostel,Female,No,3 Sharing,No,60,17.099483,82.02286,7000
Kakinada,Pithapuram,Temple Street,"D.No 3-120, Temple Road Beside Temple Shopping Street, Pithapuram - 533450",Priya Ladies Residency,Female,No,3 Sharing,No,60,17.099483,82.02286,6000
Kakinada,Pithapuram,Temple Street,"D.No 3-120, Temple Road Beside Temple Shopping Street, Pithapuram - 533450",Priya Ladies Residency,Female,No,Single,No,60,17.099483,82.02286,7000
Kakinada,Pithapuram,Temple Street,"D.No 3-120, Temple Road Beside Temple Shopping Street, Pithapuram - 533450",Priya Ladies Residency,Female,Yes,4 Sharing,Yes,60,17.099483,82.02286,7500
Kakinada,Pithapuram,Temple Street,"D.No 3-120, Temple Road Beside Temple Shopping Street, Pithapuram - 533450",Priya Ladies Residency,Female,No,2 Sharing,No,60,17.099483,82.02286,7000
Kakinada,Pithapuram,Temple Street,"D.No 3-120, Temple Road Beside Temple Shopping Street, Pithapuram - 533450",Priya Ladies Residency,Female,No,3 Sharing,Yes,60,17.099483,82.02286,8000
Kakinada,Pithapuram,Temple Street,"D.No 3-120, Temple Road Beside Temple Shopping Street, Pithapuram - 533450",Priya Ladies Residency,Female,Yes,3 Sharing,Yes,60,17.099483,82.02286,9500
Kakinada,Samalkot,Gandhi Nagar,"D.No 52D.No 11-7-22, 2nd Street, Gandhi Nagar beside Government school , Samalkot - 533440",Aditya Krishna Boys Hostel,Male,Yes,4 Sharing,No,60,17.099483,82.02286,6500
Kakinada,Samalkot,Gandhi Nagar,"D.No 52D.No 11-7-22, 2nd Street, Gandhi Nagar beside Government school , Samalkot - 533440",Aditya Krishna Boys Hostel,Male,No,3 Sharing,No,60,17.099483,82.02286,5000
Kakinada,Samalkot,Gandhi Nagar,"D.No 52D.No 11-7-22, 2nd Street, Gandhi Nagar beside Government school , Samalkot - 533440",Aditya Krishna Boys Hostel,Male,Yes,3 Sharing,No,60,17.099483,82.02286,6500
Kakinada,Samalkot,Gandhi Nagar,"D.No 52D.No 11-7-22, 2nd Street, Gandhi Nagar beside Government school , Samalkot - 533440",Aditya Krishna Boys Hostel,Male,No,4 Sharing,No,60,17.099483,82.02286,5000
Kakinada,Samalkot,Gandhi Nagar,"D.No 13-2-18, Gandhi Nagar 3rd Street adjacent to kirana stores, Samalkot - 533440",Vamsi Teja Boys PG Homes,Male,Yes,2 Sharing,No,60,17.099483,82.02286,7000
Kakinada,Samalkot,Gandhi Nagar,"D.No 13-2-18, Gandhi Nagar 3rd Street adjacent to kirana stores, Samalkot - 533440",Vamsi Teja Boys PG Homes,Male,No,Single,No,60,17.099483,82.02286,7000
Kakinada,Samalkot,Gandhi Nagar,"D.No 13-2-18, Gandhi Nagar 3rd Street adjacent to kirana stores, Samalkot - 533440",Vamsi Teja Boys PG Homes,Male,No,4 Sharing,Yes,60,17.099483,82.02286,7500
Kakinada,Samalkot,Gandhi Nagar,"D.No 13-2-18, Gandhi Nagar 3rd Street adjacent to kirana stores, Samalkot - 533440",Vamsi Teja Boys PG Homes,Male,No,3 Sharing,No,60,17.099483,82.02286,6000
Kakinada,Samalkot,Gandhi Nagar,"D.No 13-2-18, Gandhi Nagar 3rd Street adjacent to kirana stores, Samalkot - 533440",Vamsi Teja Boys PG Homes,Male,Yes,3 Sharing,Yes,60,17.099483,82.02286,8500
Kakinada,Samalkot,Gandhi Nagar,"D.No 12-6-33, Gandhi Nagar Main Road Opp Health Center, Samalkot - 533440",Navya Lakshmi Ladies PG Homes,Female,Yes,2 Sharing,Yes,60,17.099483,82.02286,8000
Kakinada,Samalkot,Gandhi Nagar,"D.No 12-6-33, Gandhi Nagar Main Road Opp Health Center, Samalkot - 533440",Navya Lakshmi Ladies PG Homes,Female,Yes,3 Sharing,Yes,60,17.099483,82.02286,9000
Kakinada,Samalkot,Gandhi Nagar,"D.No 12-6-33, Gandhi Nagar Main Road Opp Health Center, Samalkot - 533440",Navya Lakshmi Ladies PG Homes,Female,No,Single,No,60,17.099483,82.02286,7000
Kakinada,Samalkot,Gandhi Nagar,"D.No 12-6-33, Gandhi Nagar Main Road Opp Health Center, Samalkot - 533440",Navya Lakshmi Ladies PG Homes,Female,No,2 Sharing,No,60,17.099483,82.02286,6000
Kakinada,Samalkot,Gandhi Nagar,"D.No 12-6-33, Gandhi Nagar Main Road Opp Health Center, Samalkot - 533440",Navya Lakshmi Ladies PG Homes,Female,Yes,4 Sharing,No,60,17.099483,82.02286,7500
Kakinada,Samalkot,Gandhi Nagar,"D.No 13-7-11, Gandhi Nagar 4th Street adjacent to temple street, Samalkot - 533440",Bhargavi Women's Hostel,Female,Yes,2 Sharing,No,60,17.099483,82.02286,7500
Kakinada,Samalkot,Gandhi Nagar,"D.No 13-7-11, Gandhi Nagar 4th Street adjacent to temple street, Samalkot - 533440",Bhargavi Women's Hostel,Female,Yes,4 Sharing,No,60,17.099483,82.02286,5500
Kakinada,Samalkot,Gandhi Nagar,"D.No 13-7-11, Gandhi Nagar 4th Street adjacent to temple street, Samalkot - 533440",Bhargavi Women's Hostel,Female,No,2 Sharing,No,60,17.099483,82.02286,4000
Kakinada,Samalkot,Gandhi Nagar,"D.No 13-7-11, Gandhi Nagar 4th Street adjacent to temple street, Samalkot - 533440",Bhargavi Women's Hostel,Female,Yes,2 Sharing,No,60,17.099483,82.02286,6500
Kakinada,Samalkot,Gandhi Nagar,"D.No 13-7-11, Gandhi Nagar 4th Street adjacent to temple street, Samalkot - 533440",Bhargavi Women's Hostel,Female,Yes,Single,Yes,60,17.099483,82.02286,12500
Kakinada,Samalkot,Gandhi Nagar,"D.No 13-7-11, Gandhi Nagar 4th Street adjacent to temple street, Samalkot - 533440",Bhargavi Women's Hostel,Female,No,2 Sharing,No,60,17.099483,82.02286,5500
Kakinada,Samalkot,Samalkot Railway Station Area,"D.No 7-5-19, Railway Colony Road Beside Railway Quarters, Samalkot - 533440",Sri Karthikeya Boys Hostel,Male,No,4 Sharing,No,60,17.099483,82.02286,6000
Kakinada,Samalkot,Samalkot Railway Station Area,"D.No 7-5-19, Railway Colony Road Beside Railway Quarters, Samalkot - 533440",Sri Karthikeya Boys Hostel,Male,Yes,3 Sharing,No,60,17.099483,82.02286,7000
Kakinada,Samalkot,Samalkot Railway Station Area,"D.No 7-5-19, Railway Colony Road Beside Railway Quarters, Samalkot - 533440",Sri Karthikeya Boys Hostel,Male,Yes,Single,Yes,60,17.099483,82.02286,12500
Kakinada,Samalkot,Samalkot Railway Station Area,"D.No 7-5-19, Railway Colony Road Beside Railway Quarters, Samalkot - 533440",Sri Karthikeya Boys Hostel,Male,No,3 Sharing,No,60,17.099483,82.02286,5000
Kakinada,Samalkot,Samalkot Railway Station Area,"D.No 7-5-19, Railway Colony Road Beside Railway Quarters, Samalkot - 533440",Sri Karthikeya Boys Hostel,Male,Yes,2 Sharing,No,60,17.099483,82.02286,8000
Kakinada,Samalkot,Samalkot Railway Station Area,"D.No 9-1-66, Station Road Extension Adjacent to Auto Stand, Samalkot - 533440",Aditya Varma Boys PG Homes,Male,No,3 Sharing,No,60,17.099483,82.02286,6000
Kakinada,Samalkot,Samalkot Railway Station Area,"D.No 9-1-66, Station Road Extension Adjacent to Auto Stand, Samalkot - 533440",Aditya Varma Boys PG Homes,Male,Yes,Single,Yes,60,17.099483,82.02286,12500
Kakinada,Samalkot,Samalkot Railway Station Area,"D.No 9-1-66, Station Road Extension Adjacent to Auto Stand, Samalkot - 533440",Aditya Varma Boys PG Homes,Male,No,4 Sharing,No,60,17.099483,82.02286,5000
Kakinada,Samalkot,Samalkot Railway Station Area,"D.No 9-1-66, Station Road Extension Adjacent to Auto Stand, Samalkot - 533440",Aditya Varma Boys PG Homes,Male,Yes,4 Sharing,No,60,17.099483,82.02286,7000
Kakinada,Samalkot,Samalkot Railway Station Area,"D.No 6-4-28, Railway Station Back Road Opp Parcel Office Side, Samalkot - 533440",Teja Sai Boys Stay,Male,No,Single,No,60,17.099483,82.02286,8000
Kakinada,Samalkot,Samalkot Railway Station Area,"D.No 6-4-28, Railway Station Back Road Opp Parcel Office Side, Samalkot - 533440",Teja Sai Boys Stay,Male,Yes,4 Sharing,No,60,17.099483,82.02286,7500
Kakinada,Samalkot,Samalkot Railway Station Area,"D.No 6-4-28, Railway Station Back Road Opp Parcel Office Side, Samalkot - 533440",Teja Sai Boys Stay,Male,No,4 Sharing,No,60,17.099483,82.02286,6000
Kakinada,Samalkot,Samalkot Railway Station Area,"D.No 6-4-28, Railway Station Back Road Opp Parcel Office Side, Samalkot - 533440",Teja Sai Boys Stay,Male,No,2 Sharing,No,60,17.099483,82.02286,6500
Kakinada,Samalkot,Samalkot Railway Station Area,"D.No 8-6-45, Station Road Opp Bus Stop Near Station, Samalkot - 533440",Navya Sri Ladies PG Homes,Female,No,Single,No,60,17.099483,82.02286,7000
Kakinada,Samalkot,Samalkot Railway Station Area,"D.No 8-6-45, Station Road Opp Bus Stop Near Station, Samalkot - 533440",Navya Sri Ladies PG Homes,Female,Yes,4 Sharing,Yes,60,17.099483,82.02286,8000
Kakinada,Samalkot,Samalkot Railway Station Area,"D.No 8-6-45, Station Road Opp Bus Stop Near Station, Samalkot - 533440",Navya Sri Ladies PG Homes,Female,Yes,3 Sharing,No,60,17.099483,82.02286,7500
Kakinada,Samalkot,Samalkot Railway Station Area,"D.No 8-6-45, Station Road Opp Bus Stop Near Station, Samalkot - 533440",Navya Sri Ladies PG Homes,Female,No,4 Sharing,No,60,17.099483,82.02286,6500
Kakinada,Samalkot,Samalkot Railway Station Area,"D.No 8-6-45, Station Road Opp Bus Stop Near Station, Samalkot - 533440",Navya Sri Ladies PG Homes,Female,Yes,2 Sharing,Yes,60,17.099483,82.02286,8500
Kakinada,Samalkot,Samalkot Railway Station Area,"D.No 6-1-39, Railway Colony Road, Samalkot - 533440",Keerthana Comfort Ladies PG,Female,No,2 Sharing,No,60,17.099483,82.02286,6500
Kakinada,Samalkot,Samalkot Railway Station Area,"D.No 6-1-39, Railway Colony Road, Samalkot - 533440",Keerthana Comfort Ladies PG,Female,No,4 Sharing,No,60,17.099483,82.02286,6500
Kakinada,Samalkot,Samalkot Railway Station Area,"D.No 6-1-39, Railway Colony Road, Samalkot - 533440",Keerthana Comfort Ladies PG,Female,Yes,4 Sharing,No,60,17.099483,82.02286,7500
Kakinada,Samalkot,Samalkot Railway Station Area,"D.No 6-1-39, Railway Colony Road, Samalkot - 533440",Keerthana Comfort Ladies PG,Female,Yes,3 Sharing,No,60,17.099483,82.02286,8000
Kakinada,Samalkot,Samalkot Railway Station Area,"D.No 6-1-39, Railway Colony Road, Samalkot - 533440",Keerthana Comfort Ladies PG,Female,Yes,Single,No,60,17.099483,82.02286,8500
Kakinada,Samalkot,Teachers Colony,"D.No 4-2-36, Teachers Colony Main Road Opp Teachers Colony Park, Samalkot - 533440",Vidya Sagar Boys Residency,Male,Yes,Single,No,60,17.099483,82.02286,9000
Kakinada,Samalkot,Teachers Colony,"D.No 4-2-36, Teachers Colony Main Road Opp Teachers Colony Park, Samalkot - 533440",Vidya Sagar Boys Residency,Male,No,4 Sharing,No,60,17.099483,82.02286,7500
Kakinada,Samalkot,Teachers Colony,"D.No 4-2-36, Teachers Colony Main Road Opp Teachers Colony Park, Samalkot - 533440",Vidya Sagar Boys Residency,Male,No,3 Sharing,No,60,17.099483,82.02286,6500
Kakinada,Samalkot,Teachers Colony,"D.No 4-2-36, Teachers Colony Main Road Opp Teachers Colony Park, Samalkot - 533440",Vidya Sagar Boys Residency,Male,Yes,3 Sharing,Yes,60,17.099483,82.02286,8500
Kakinada,Samalkot,Teachers Colony,"D.No 4-2-36, Teachers Colony Main Road Opp Teachers Colony Park, Samalkot - 533440",Vidya Sagar Boys Residency,Male,Yes,2 Sharing,No,60,17.099483,82.02286,7500
Kakinada,Samalkot,Teachers Colony,"D.No 5-1-44, Teachers Colony 2nd Street, Samalkot - 533440",Kiran Kumar Boys PG Homes,Male,No,Single,No,60,17.099483,82.02286,7500
Kakinada,Samalkot,Teachers Colony,"D.No 5-1-44, Teachers Colony 2nd Street, Samalkot - 533440",Kiran Kumar Boys PG Homes,Male,Yes,Single,Yes,60,17.099483,82.02286,12500
Kakinada,Samalkot,Teachers Colony,"D.No 5-1-44, Teachers Colony 2nd Street, Samalkot - 533440",Kiran Kumar Boys PG Homes,Male,No,4 Sharing,No,60,17.099483,82.02286,8000
Kakinada,Samalkot,Teachers Colony,"D.No 5-1-44, Teachers Colony 2nd Street, Samalkot - 533440",Kiran Kumar Boys PG Homes,Male,No,2 Sharing,No,60,17.099483,82.02286,6000
Kakinada,Samalkot,Teachers Colony,"D.No 5-1-44, Teachers Colony 2nd Street, Samalkot - 533440",Kiran Kumar Boys PG Homes,Male,Yes,4 Sharing,No,60,17.099483,82.02286,9000
Kakinada,Samalkot,Teachers Colony,"D.No 5-1-44, Teachers Colony 2nd Street, Samalkot - 533440",Kiran Kumar Boys PG Homes,Male,Yes,3 Sharing,No,60,17.099483,82.02286,8500
Kakinada,Samalkot,Teachers Colony,"D.No 4-6-52, Teachers Colony Main Road, Samalkot - 533440",Saraswathi Ladies PG Homes,Female,Yes,4 Sharing,No,60,17.099483,82.02286,7500
Kakinada,Samalkot,Teachers Colony,"D.No 4-6-52, Teachers Colony Main Road, Samalkot - 533440",Saraswathi Ladies PG Homes,Female,No,4 Sharing,No,60,17.099483,82.02286,6500
Kakinada,Samalkot,Teachers Colony,"D.No 4-6-52, Teachers Colony Main Road, Samalkot - 533440",Saraswathi Ladies PG Homes,Female,Yes,3 Sharing,No,60,17.099483,82.02286,8000
Kakinada,Samalkot,Teachers Colony,"D.No 4-6-52, Teachers Colony Main Road, Samalkot - 533440",Saraswathi Ladies PG Homes,Female,No,Single,No,60,17.099483,82.02286,7000
Kakinada,Samalkot,Teachers Colony,"D.No 4-6-52, Teachers Colony Main Road, Samalkot - 533440",Saraswathi Ladies PG Homes,Female,Yes,Single,Yes,60,17.099483,82.02286,12500
Kakinada,Samalkot,Teachers Colony,"D.No 5-4-63, Teachers Colony 2nd Street Adjacent to Temple Street, Samalkot - 533440",Bhavya Sri Women's Hostel,Female,No,3 Sharing,No,60,17.099483,82.02286,7000
Kakinada,Samalkot,Teachers Colony,"D.No 5-4-63, Teachers Colony 2nd Street Adjacent to Temple Street, Samalkot - 533440",Bhavya Sri Women's Hostel,Female,No,Single,No,60,17.099483,82.02286,7500
Kakinada,Samalkot,Teachers Colony,"D.No 5-4-63, Teachers Colony 2nd Street Adjacent to Temple Street, Samalkot - 533440",Bhavya Sri Women's Hostel,Female,Yes,2 Sharing,No,60,17.099483,82.02286,8000
Kakinada,Samalkot,Teachers Colony,"D.No 5-4-63, Teachers Colony 2nd Street Adjacent to Temple Street, Samalkot - 533440",Bhavya Sri Women's Hostel,Female,No,4 Sharing,No,60,17.099483,82.02286,4000
Kakinada,Samalkot,Teachers Colony,"D.No 5-4-63, Teachers Colony 2nd Street Adjacent to Temple Street, Samalkot - 533440",Bhavya Sri Women's Hostel,Female,Yes,4 Sharing,No,60,17.099483,82.02286,7000
Kakinada,Samalkot,Temple Street,"D.No 5-4-18, Temple Street Line 1, Samalkot - 533440",Karthikeya Boys Hostel,Male,Yes,3 Sharing,Yes,60,17.099483,82.02286,10000
Kakinada,Samalkot,Temple Street,"D.No 5-4-18, Temple Street Line 1, Samalkot - 533440",Karthikeya Boys Hostel,Male,No,Single,Yes,60,17.099483,82.02286,9500
Kakinada,Samalkot,Temple Street,"D.No 5-4-18, Temple Street Line 1, Samalkot - 533440",Karthikeya Boys Hostel,Male,Yes,Single,No,60,17.099483,82.02286,11000
Kakinada,Samalkot,Temple Street,"D.No 5-4-18, Temple Street Line 1, Samalkot - 533440",Karthikeya Boys Hostel,Male,Yes,2 Sharing,No,60,17.099483,82.02286,8000
Kakinada,Samalkot,Temple Street,"D.No 5-4-18, Temple Street Line 1, Samalkot - 533440",Karthikeya Boys Hostel,Male,No,3 Sharing,No,60,17.099483,82.02286,6500
Kakinada,Samalkot,Temple Street,"D.No 5-4-18, Temple Street Line 1, Samalkot - 533440",Karthikeya Boys Hostel,Male,No,4 Sharing,No,60,17.099483,82.02286,4500
Kakinada,Samalkot,Temple Street,"D.No 5-4-18, Temple Street Line 1, Samalkot - 533440",Karthikeya Boys Hostel,Male,Yes,4 Sharing,No,60,17.099483,82.02286,7500
Kakinada,Samalkot,Temple Street,"D.No 5-4-18, Temple Street Line 1, Samalkot - 533440",Karthikeya Boys Hostel,Male,Yes,3 Sharing,No,60,17.099483,82.02286,8000
Kakinada,Samalkot,Temple Street,"D.No 8-5-12, Temple Road, Samalkot - 533440",Venkata Krishna Boys Residency,Male,No,2 Sharing,Yes,60,17.099483,82.02286,7500
Kakinada,Samalkot,Temple Street,"D.No 8-5-12, Temple Road, Samalkot - 533440",Venkata Krishna Boys Residency,Male,No,3 Sharing,No,60,17.099483,82.02286,6000
Kakinada,Samalkot,Temple Street,"D.No 8-5-12, Temple Road, Samalkot - 533440",Venkata Krishna Boys Residency,Male,Yes,2 Sharing,Yes,60,17.099483,82.02286,9500
Kakinada,Samalkot,Temple Street,"D.No 8-5-12, Temple Road, Samalkot - 533440",Venkata Krishna Boys Residency,Male,No,4 Sharing,No,60,17.099483,82.02286,4000
Kakinada,Samalkot,Temple Street,"D.No 6-6-55, Temple Street Opp Main Temple Gate, Samalkot - 533440",Lakshmi Devi Ladies PG Homes,Female,No,3 Sharing,No,60,17.099483,82.02286,5000
Kakinada,Samalkot,Temple Street,"D.No 6-6-55, Temple Street Opp Main Temple Gate, Samalkot - 533440",Lakshmi Devi Ladies PG Homes,Female,Yes,4 Sharing,No,60,17.099483,82.02286,6000
Kakinada,Samalkot,Temple Street,"D.No 6-6-55, Temple Street Opp Main Temple Gate, Samalkot - 533440",Lakshmi Devi Ladies PG Homes,Female,Yes,3 Sharing,No,60,17.099483,82.02286,7500
Kakinada,Samalkot,Temple Street,"D.No 6-6-55, Temple Street Opp Main Temple Gate, Samalkot - 533440",Lakshmi Devi Ladies PG Homes,Female,No,Single,No,60,17.099483,82.02286,8500
Kakinada,Samalkot,Temple Street,"D.No 6-6-55, Temple Street Opp Main Temple Gate, Samalkot - 533440",Lakshmi Devi Ladies PG Homes,Female,Yes,2 Sharing,Yes,60,17.099483,82.02286,9500
Kakinada,Samalkot,Temple Street,"D.No 7-3-44, Temple Road Extension, Samalkot - 533440",Annapurna Ladies Hostel,Female,Yes,Single,No,60,17.099483,82.02286,11000
Kakinada,Samalkot,Temple Street,"D.No 7-3-44, Temple Road Extension, Samalkot - 533440",Annapurna Ladies Hostel,Female,Yes,3 Sharing,Yes,60,17.099483,82.02286,9000
Kakinada,Samalkot,Temple Street,"D.No 7-3-44, Temple Road Extension, Samalkot - 533440",Annapurna Ladies Hostel,Female,Yes,4 Sharing,Yes,60,17.099483,82.02286,8500
Kakinada,Samalkot,Temple Street,"D.No 7-3-44, Temple Road Extension, Samalkot - 533440",Annapurna Ladies Hostel,Female,Yes,3 Sharing,Yes,60,17.099483,82.02286,10000
Kakinada,Samalkot,Temple Street,"D.No 7-3-44, Temple Road Extension, Samalkot - 533440",Annapurna Ladies Hostel,Female,No,Single,No,60,17.099483,82.02286,6500
Kakinada,Samalkot,Temple Street,"D.No 7-3-44, Temple Road Extension, Samalkot - 533440",Annapurna Ladies Hostel,Female,Yes,2 Sharing,No,60,17.099483,82.02286,8500
Kakinada,Tuni,Bus Stand,"D.No 1D.No 2-12-33, Bus Stand Road Opp APSRTC Bus Stand main gate, Tuni - 533401",Sai Ramakrishna Boys Residency,Male,Yes,Single,No,67.5,17.36078997,82.5389115,12000
Kakinada,Tuni,Bus Stand,"D.No 1D.No 2-12-33, Bus Stand Road Opp APSRTC Bus Stand main gate, Tuni - 533401",Sai Ramakrishna Boys Residency,Male,Yes,3 Sharing,No,67.5,17.36078997,82.5389115,8000
Kakinada,Tuni,Bus Stand,"D.No 1D.No 2-12-33, Bus Stand Road Opp APSRTC Bus Stand main gate, Tuni - 533401",Sai Ramakrishna Boys Residency,Male,No,4 Sharing,No,67.5,17.36078997,82.5389115,4500
Kakinada,Tuni,Bus Stand,"D.No 1D.No 2-12-33, Bus Stand Road Opp APSRTC Bus Stand main gate, Tuni - 533401",Sai Ramakrishna Boys Residency,Male,Yes,4 Sharing,No,67.5,17.36078997,82.5389115,6472
Kakinada,Tuni,Bus Stand,"D.No 1D.No 2-12-33, Bus Stand Road Opp APSRTC Bus Stand main gate, Tuni - 533401",Sai Ramakrishna Boys Residency,Male,Yes,2 Sharing,Yes,67.5,17.36078997,82.5389115,12000
Kakinada,Tuni,Bus Stand,"D.No 3-8-19, RTC Complex Road, Tuni - 533401",Sri Venkata Durga Boys PG,Male,Yes,3 Sharing,No,67.5,17.36078997,82.5389115,7500
Kakinada,Tuni,Bus Stand,"D.No 3-8-19, RTC Complex Road, Tuni - 533401",Sri Venkata Durga Boys PG,Male,No,3 Sharing,No,67.5,17.36078997,82.5389115,5000
Kakinada,Tuni,Bus Stand,"D.No 3-8-19, RTC Complex Road, Tuni - 533401",Sri Venkata Durga Boys PG,Male,Yes,2 Sharing,No,67.5,17.36078997,82.5389115,8000
Kakinada,Tuni,Bus Stand,"D.No 3-8-19, RTC Complex Road, Tuni - 533401",Sri Venkata Durga Boys PG,Male,No,2 Sharing,Yes,67.5,17.36078997,82.5389115,9000
Kakinada,Tuni,Bus Stand,"D.No 3-8-19, RTC Complex Road, Tuni - 533401",Sri Venkata Durga Boys PG,Male,Yes,Single,No,67.5,17.36078997,82.5389115,10000
Kakinada,Tuni,Bus Stand,"D.No 79-D.No 4-3-29, Bus Stand Back Road adjacent to market area, Tuni - 533401",Bhavani Women's Hostel,Female,Yes,Single,No,67.5,17.36078997,82.5389115,9500
Kakinada,Tuni,Bus Stand,"D.No 79-D.No 4-3-29, Bus Stand Back Road adjacent to market area, Tuni - 533401",Bhavani Women's Hostel,Female,No,2 Sharing,No,67.5,17.36078997,82.5389115,5500
Kakinada,Tuni,Bus Stand,"D.No 79-D.No 4-3-29, Bus Stand Back Road adjacent to market area, Tuni - 533401",Bhavani Women's Hostel,Female,Yes,2 Sharing,No,67.5,17.36078997,82.5389115,7000
Kakinada,Tuni,Bus Stand,"D.No 79-D.No 4-3-29, Bus Stand Back Road adjacent to market area, Tuni - 533401",Bhavani Women's Hostel,Female,Yes,3 Sharing,No,67.5,17.36078997,82.5389115,6500
Kakinada,Tuni,Bus Stand,"D.No 79-D.No 4-3-29, Bus Stand Back Road adjacent to market area, Tuni - 533401",Bhavani Women's Hostel,Female,Yes,4 Sharing,No,67.5,17.36078997,82.5389115,5500
Kakinada,Tuni,Bus Stand,"D.No 5-7-11, Bus Stand Road Extension, Tuni - 533401",Keerthana Comfort Ladies PG,Female,Yes,3 Sharing,No,67.5,17.36078997,82.5389115,7500
Kakinada,Tuni,Bus Stand,"D.No 5-7-11, Bus Stand Road Extension, Tuni - 533401",Keerthana Comfort Ladies PG,Female,Yes,2 Sharing,No,67.5,17.36078997,82.5389115,8500
Kakinada,Tuni,Bus Stand,"D.No 5-7-11, Bus Stand Road Extension, Tuni - 533401",Keerthana Comfort Ladies PG,Female,Yes,4 Sharing,No,67.5,17.36078997,82.5389115,7000
Kakinada,Tuni,Bus Stand,"D.No 5-7-11, Bus Stand Road Extension, Tuni - 533401",Keerthana Comfort Ladies PG,Female,No,4 Sharing,No,67.5,17.36078997,82.5389115,6500
Kakinada,Tuni,Bus Stand,"D.No 5-7-11, Bus Stand Road Extension, Tuni - 533401",Keerthana Comfort Ladies PG,Female,Yes,Single,No,67.5,17.36078997,82.5389115,8500
Kakinada,Tuni,Market Area,"D.No 2-10-18, Market Street Opp Tuni Vegetable Market, Tuni - 533401 ",Sri Satya Sai Boys Residency,Male,No,2 Sharing,Yes,67.5,17.36078997,82.5389115,9000
Kakinada,Tuni,Market Area,"D.No 2-10-18, Market Street Opp Tuni Vegetable Market, Tuni - 533401 ",Sri Satya Sai Boys Residency,Male,Yes,Single,Yes,67.5,17.36078997,82.5389115,13000
Kakinada,Tuni,Market Area,"D.No 2-10-18, Market Street Opp Tuni Vegetable Market, Tuni - 533401 ",Sri Satya Sai Boys Residency,Male,Yes,4 Sharing,No,67.5,17.36078997,82.5389115,5000
Kakinada,Tuni,Market Area,"D.No 2-10-18, Market Street Opp Tuni Vegetable Market, Tuni - 533401 ",Sri Satya Sai Boys Residency,Male,Yes,3 Sharing,No,67.5,17.36078997,82.5389115,7500
Kakinada,Tuni,Market Area,"D.No 2-10-18, Market Street Opp Tuni Vegetable Market, Tuni - 533401 ",Sri Satya Sai Boys Residency,Male,No,4 Sharing,No,67.5,17.36078997,82.5389115,4500
Kakinada,Tuni,Market Area,"D.No 3-6-27, Market Road, Tuni - 533401",Karthikeya Sai Boys Hostel,Male,Yes,3 Sharing,Yes,67.5,17.36078997,82.5389115,10000
Kakinada,Tuni,Market Area,"D.No 3-6-27, Market Road, Tuni - 533401",Karthikeya Sai Boys Hostel,Male,No,2 Sharing,Yes,67.5,17.36078997,82.5389115,9500
Kakinada,Tuni,Market Area,"D.No 3-6-27, Market Road, Tuni - 533401",Karthikeya Sai Boys Hostel,Male,Yes,2 Sharing,No,67.5,17.36078997,82.5389115,8500
Kakinada,Tuni,Market Area,"D.No 3-6-27, Market Road, Tuni - 533401",Karthikeya Sai Boys Hostel,Male,No,3 Sharing,No,67.5,17.36078997,82.5389115,5000
Kakinada,Tuni,Market Area,"D.No 3-6-27, Market Road, Tuni - 533401",Karthikeya Sai Boys Hostel,Male,Yes,4 Sharing,No,67.5,17.36078997,82.5389115,6500
Kakinada,Tuni,Market Area,"D.No 3-5-16, Market Road beside Fancy Stores, Tuni - 533401",Sowmya Sri Ladies PG,Female,Yes,Single,Yes,67.5,17.36078997,82.5389115,12500
Kakinada,Tuni,Market Area,"D.No 3-5-16, Market Road beside Fancy Stores, Tuni - 533401",Sowmya Sri Ladies PG,Female,Yes,4 Sharing,No,67.5,17.36078997,82.5389115,6500
Kakinada,Tuni,Market Area,"D.No 3-5-16, Market Road beside Fancy Stores, Tuni - 533401",Sowmya Sri Ladies PG,Female,No,3 Sharing,No,67.5,17.36078997,82.5389115,5500
Kakinada,Tuni,Market Area,"D.No 3-5-16, Market Road beside Fancy Stores, Tuni - 533401",Sowmya Sri Ladies PG,Female,No,4 Sharing,No,67.5,17.36078997,82.5389115,4500
Kakinada,Tuni,Market Area,"D.No 3-5-16, Market Road beside Fancy Stores, Tuni - 533401",Sowmya Sri Ladies PG,Female,Yes,3 Sharing,No,67.5,17.36078997,82.5389115,6500
Kakinada,Tuni,Market Area,"D.No 4-8-29, Old Market Street, Tuni - 533401",Bhavya Women's Hostel,Female,No,4 Sharing,No,67.5,17.36078997,82.5389115,4500
Kakinada,Tuni,Market Area,"D.No 4-8-29, Old Market Street, Tuni - 533401",Bhavya Women's Hostel,Female,Yes,4 Sharing,Yes,67.5,17.36078997,82.5389115,8500
Kakinada,Tuni,Market Area,"D.No 4-8-29, Old Market Street, Tuni - 533401",Bhavya Women's Hostel,Female,Yes,3 Sharing,No,67.5,17.36078997,82.5389115,6500
Kakinada,Tuni,Market Area,"D.No 4-8-29, Old Market Street, Tuni - 533401",Bhavya Women's Hostel,Female,Yes,Single,No,67.5,17.36078997,82.5389115,9500
Kakinada,Tuni,Market Area,"D.No 4-8-29, Old Market Street, Tuni - 533401",Bhavya Women's Hostel,Female,No,2 Sharing,No,67.5,17.36078997,82.5389115,5000
Kakinada,Tuni,Railway Station,"D.No 3-2-36, Railway Colony Street, Tuni - 533401",Akash Deep Boys PG,Male,No,3 Sharing,No,67.5,17.36078997,82.5389115,5000
Kakinada,Tuni,Railway Station,"D.No 3-2-36, Railway Colony Street, Tuni - 533401",Akash Deep Boys PG,Male,Yes,4 Sharing,Yes,67.5,17.36078997,82.5389115,9500
Kakinada,Tuni,Railway Station,"D.No 3-2-36, Railway Colony Street, Tuni - 533401",Akash Deep Boys PG,Male,Yes,3 Sharing,No,67.5,17.36078997,82.5389115,7500
Kakinada,Tuni,Railway Station,"D.No 3-2-36, Railway Colony Street, Tuni - 533401",Akash Deep Boys PG,Male,Yes,Single,No,67.5,17.36078997,82.5389115,10000
Kakinada,Tuni,Railway Station,"D.No 3-2-36, Railway Colony Street, Tuni - 533401",Akash Deep Boys PG,Male,Yes,2 Sharing,No,67.5,17.36078997,82.5389115,8000
Kakinada,Tuni,Railway Station,"D.No 2-7-11, Station Approach Road Beside Auto Stand, Tuni - 533401",Nava Teja Boys PG,Male,No,3 Sharing,No,67.5,17.36078997,82.5389115,6000
Kakinada,Tuni,Railway Station,"D.No 2-7-11, Station Approach Road Beside Auto Stand, Tuni - 533401",Nava Teja Boys PG,Male,Yes,Single,Yes,67.5,17.36078997,82.5389115,12500
Kakinada,Tuni,Railway Station,"D.No 2-7-11, Station Approach Road Beside Auto Stand, Tuni - 533401",Nava Teja Boys PG,Male,Yes,3 Sharing,No,67.5,17.36078997,82.5389115,8000
Kakinada,Tuni,Railway Station,"D.No 2-7-11, Station Approach Road Beside Auto Stand, Tuni - 533401",Nava Teja Boys PG,Male,Yes,4 Sharing,No,67.5,17.36078997,82.5389115,7500
Kakinada,Tuni,Railway Station,"D.No 2-7-11, Station Approach Road Beside Auto Stand, Tuni - 533401",Nava Teja Boys PG,Male,No,4 Sharing,No,67.5,17.36078997,82.5389115,5500
Kakinada,Tuni,Railway Station,"D.No 1-6-14, Railway Station Road, Tuni - 533401",Sri Harini Ladies Residency,Female,Yes,2 Sharing,No,67.5,17.36078997,82.5389115,9000
Kakinada,Tuni,Railway Station,"D.No 1-6-14, Railway Station Road, Tuni - 533401",Sri Harini Ladies Residency,Female,No,3 Sharing,Yes,67.5,17.36078997,82.5389115,9500
Kakinada,Tuni,Railway Station,"D.No 1-6-14, Railway Station Road, Tuni - 533401",Sri Harini Ladies Residency,Female,Yes,3 Sharing,No,67.5,17.36078997,82.5389115,8000
Kakinada,Tuni,Railway Station,"D.No 1-6-14, Railway Station Road, Tuni - 533401",Sri Harini Ladies Residency,Female,Yes,2 Sharing,No,67.5,17.36078997,82.5389115,8500
Kakinada,Tuni,Railway Station,"D.No 1-6-14, Railway Station Road, Tuni - 533401",Sri Harini Ladies Residency,Female,Yes,Single,No,67.5,17.36078997,82.5389115,9000
Kakinada,Tuni,Railway Station,"D.No 2-3-27, Station Approach Road, Tuni - 533401",Pranathi Women's Comfort PG,Female,No,2 Sharing,No,67.5,17.36078997,82.5389115,7000
Kakinada,Tuni,Railway Station,"D.No 2-3-27, Station Approach Road, Tuni - 533401",Pranathi Women's Comfort PG,Female,Yes,3 Sharing,No,67.5,17.36078997,82.5389115,6500
Kakinada,Tuni,Railway Station,"D.No 2-3-27, Station Approach Road, Tuni - 533401",Pranathi Women's Comfort PG,Female,No,3 Sharing,No,67.5,17.36078997,82.5389115,5000
Kakinada,Tuni,Railway Station,"D.No 2-3-27, Station Approach Road, Tuni - 533401",Pranathi Women's Comfort PG,Female,No,4 Sharing,No,67.5,17.36078997,82.5389115,4500
Kakinada,Tuni,Railway Station,"D.No 2-3-27, Station Approach Road, Tuni - 533401",Pranathi Women's Comfort PG,Female,Yes,2 Sharing,No,67.5,17.36078997,82.5389115,8000
Kakinada,Tuni,Tuni Main Road,"Door No: 3-5, Beside mandi restaurant near sri lakshmi theatre main road, Tuni- 533401",Dharani Lady's Hostel,Female,Yes,Single,No,67.5,17.36078997,82.5389115,9500
Kakinada,Tuni,Tuni Main Road,"Door No: 3-5, Beside mandi restaurant near sri lakshmi theatre main road, Tuni- 533401",Dharani Lady's Hostel,Female,No,2 Sharing,No,67.5,17.36078997,82.5389115,6000
Kakinada,Tuni,Tuni Main Road,"Door No: 3-5, Beside mandi restaurant near sri lakshmi theatre main road, Tuni- 533401",Dharani Lady's Hostel,Female,Yes,3 Sharing,No,67.5,17.36078997,82.5389115,8500
Kakinada,Tuni,Tuni Main Road,"Door No: 3-5, Beside mandi restaurant near sri lakshmi theatre main road, Tuni- 533401",Dharani Lady's Hostel,Female,Yes,2 Sharing,No,67.5,17.36078997,82.5389115,7500
Kakinada,Tuni,Tuni Main Road,"Door No: 3-5, Beside mandi restaurant near sri lakshmi theatre main road, Tuni- 533401",Dharani Lady's Hostel,Female,No,4 Sharing,No,67.5,17.36078997,82.5389115,5000
Kakinada,Tuni,Tuni Main Road,"Door No: 4-6-3, Near Railway Station, Tuni- 533401",Devatha Women's Residency,Female,No,3 Sharing,Yes,67.5,17.36078997,82.5389115,7500
Kakinada,Tuni,Tuni Main Road,"Door No: 4-6-3, Near Railway Station, Tuni- 533401",Devatha Women's Residency,Female,Yes,Single,No,67.5,17.36078997,82.5389115,10000
Kakinada,Tuni,Tuni Main Road,"Door No: 4-6-3, Near Railway Station, Tuni- 533401",Devatha Women's Residency,Female,Yes,3 Sharing,No,67.5,17.36078997,82.5389115,8000
Kakinada,Tuni,Tuni Main Road,"Door No: 4-6-3, Near Railway Station, Tuni- 533401",Devatha Women's Residency,Female,No,4 Sharing,No,67.5,17.36078997,82.5389115,6000
Kakinada,Tuni,Tuni Main Road,"Door No: 4-6-3, Near Railway Station, Tuni- 533401",Devatha Women's Residency,Female,Yes,2 Sharing,Yes,67.5,17.36078997,82.5389115,10000
Kakinada,Tuni,Tuni Main Road,"D.No 3-14-22, Main Road, Tuni - 533401",Sri Venkata Sai Boys Residency,Male,Yes,4 Sharing,No,67.5,17.36078997,82.5389115,6000
Kakinada,Tuni,Tuni Main Road,"D.No 3-14-22, Main Road, Tuni - 533401",Sri Venkata Sai Boys Residency,Male,No,4 Sharing,No,67.5,17.36078997,82.5389115,4000
Kakinada,Tuni,Tuni Main Road,"D.No 3-14-22, Main Road, Tuni - 533401",Sri Venkata Sai Boys Residency,Male,No,3 Sharing,No,67.5,17.36078997,82.5389115,7000
Kakinada,Tuni,Tuni Main Road,"D.No 3-14-22, Main Road, Tuni - 533401",Sri Venkata Sai Boys Residency,Male,Yes,2 Sharing,No,67.5,17.36078997,82.5389115,8000
Kakinada,Tuni,Tuni Main Road,"D.No 5-7-18, Main Road Junction Area Opp main junction signal, Tuni - 533401",Vamsi Krishna Boys Stay,Male,Yes,3 Sharing,No,67.5,17.36078997,82.5389115,8500
Kakinada,Tuni,Tuni Main Road,"D.No 5-7-18, Main Road Junction Area Opp main junction signal, Tuni - 533401",Vamsi Krishna Boys Stay,Male,Yes,4 Sharing,No,67.5,17.36078997,82.5389115,8000
Kakinada,Tuni,Tuni Main Road,"D.No 5-7-18, Main Road Junction Area Opp main junction signal, Tuni - 533401",Vamsi Krishna Boys Stay,Male,Yes,2 Sharing,No,67.5,17.36078997,82.5389115,9000
Kakinada,Tuni,Tuni Main Road,"D.No 5-7-18, Main Road Junction Area Opp main junction signal, Tuni - 533401",Vamsi Krishna Boys Stay,Male,Yes,Single,Yes,67.5,17.36078997,82.5389115,12500
Kakinada,Tuni,Tuni Main Road,"D.No 5-7-18, Main Road Junction Area Opp main junction signal, Tuni - 533401",Vamsi Krishna Boys Stay,Male,No,4 Sharing,No,67.5,17.36078997,82.5389115,5000
Kakinada,Tuni,Tuni Main Road,"D.No 5-7-18, Main Road Junction Area Opp main junction signal, Tuni - 533401",Vamsi Krishna Boys Stay,Male,No,2 Sharing,No,67.5,17.36078997,82.5389115,6000
Krishna,Gannavaram,Airport Road,"Sky Building Flot no-1, Opposite HCL Beside vijayawada Airport Colony, Gannavaram Vijayawada-521101",Sky PG Hostel,Male,No,2 Sharing,No,19.5,16.5566442,80.79446653,6000
Krishna,Gannavaram,Airport Road,"Sky Building Flot no-1, Opposite HCL Beside vijayawada Airport Colony, Gannavaram Vijayawada-521101",Sky PG Hostel,Male,No,4 Sharing,No,19.5,16.5566442,80.79446653,4500
Krishna,Gannavaram,Airport Road,"Sky Building Flot no-1, Opposite HCL Beside vijayawada Airport Colony, Gannavaram Vijayawada-521101",Sky PG Hostel,Male,Yes,Single,No,19.5,16.5566442,80.79446653,11000
Krishna,Gannavaram,Airport Road,"Sky Building Flot no-1, Opposite HCL Beside vijayawada Airport Colony, Gannavaram Vijayawada-521101",Sky PG Hostel,Male,Yes,2 Sharing,No,19.5,16.5566442,80.79446653,9000
Krishna,Gannavaram,Airport Road,"Sky Building Flot no-1, Opposite HCL Beside vijayawada Airport Colony, Gannavaram Vijayawada-521101",Sky PG Hostel,Male,Yes,4 Sharing,No,19.5,16.5566442,80.79446653,8000
Krishna,Gannavaram,Airport Road,"Gannavaram, Kesarapally, Vijayawada-521102, Andhra Pradesh",Krishnaveni Girls Hostel,Female,No,3 Sharing,No,19.5,16.5566442,80.79446653,5000
Krishna,Gannavaram,Airport Road,"Gannavaram, Kesarapally, Vijayawada-521102, Andhra Pradesh",Krishnaveni Girls Hostel,Female,Yes,4 Sharing,Yes,19.5,16.5566442,80.79446653,8500
Krishna,Gannavaram,Airport Road,"Gannavaram, Kesarapally, Vijayawada-521102, Andhra Pradesh",Krishnaveni Girls Hostel,Female,Yes,Single,Yes,19.5,16.5566442,80.79446653,13000
Krishna,Gannavaram,Airport Road,"Gannavaram, Kesarapally, Vijayawada-521102, Andhra Pradesh",Krishnaveni Girls Hostel,Female,No,4 Sharing,No,19.5,16.5566442,80.79446653,4500
Krishna,Gannavaram,Airport Road,"Gannavaram, Kesarapally, Vijayawada-521102, Andhra Pradesh",Krishnaveni Girls Hostel,Female,Yes,2 Sharing,No,19.5,16.5566442,80.79446653,9000
Krishna,Gannavaram,Airport Road,"Door No 9-206/2, Near Karur Vysya Bank, Gannavaram, Vijayawada-521101, Andhra Pradesh",Sri Swapna Girls PG,Female,No,Single,No,19.5,16.5566442,80.79446653,7000
Krishna,Gannavaram,Airport Road,"Door No 9-206/2, Near Karur Vysya Bank, Gannavaram, Vijayawada-521101, Andhra Pradesh",Sri Swapna Girls PG,Female,Yes,3 Sharing,No,19.5,16.5566442,80.79446653,9500
Krishna,Gannavaram,Airport Road,"Door No 9-206/2, Near Karur Vysya Bank, Gannavaram, Vijayawada-521101, Andhra Pradesh",Sri Swapna Girls PG,Female,Yes,4 Sharing,No,19.5,16.5566442,80.79446653,8500
Krishna,Gannavaram,Airport Road,"Door No 9-206/2, Near Karur Vysya Bank, Gannavaram, Vijayawada-521101, Andhra Pradesh",Sri Swapna Girls PG,Female,No,4 Sharing,No,19.5,16.5566442,80.79446653,5500
Krishna,Gannavaram,Airport Road,"Door No 9-206/2, Near Karur Vysya Bank, Gannavaram, Vijayawada-521101, Andhra Pradesh",Sri Swapna Girls PG,Female,No,2 Sharing,No,19.5,16.5566442,80.79446653,6000
Krishna,Gannavaram,Airport Road,"Door No 9-206/2, Near Karur Vysya Bank, Gannavaram, Vijayawada-521101, Andhra Pradesh",Sri Swapna Boys PG,Male,No,Single,No,19.5,16.5566442,80.79446653,7000
Krishna,Gannavaram,Airport Road,"Door No 9-206/2, Near Karur Vysya Bank, Gannavaram, Vijayawada-521101, Andhra Pradesh",Sri Swapna Boys PG,Male,Yes,2 Sharing,No,19.5,16.5566442,80.79446653,9500
Krishna,Gannavaram,Airport Road,"Door No 9-206/2, Near Karur Vysya Bank, Gannavaram, Vijayawada-521101, Andhra Pradesh",Sri Swapna Boys PG,Male,Yes,Single,Yes,19.5,16.5566442,80.79446653,13000
Krishna,Gannavaram,Airport Road,"Door No 9-206/2, Near Karur Vysya Bank, Gannavaram, Vijayawada-521101, Andhra Pradesh",Sri Swapna Boys PG,Male,Yes,4 Sharing,Yes,19.5,16.5566442,80.79446653,9500
Krishna,Gannavaram,Airport Road,"Door No 9-206/2, Near Karur Vysya Bank, Gannavaram, Vijayawada-521101, Andhra Pradesh",Sri Swapna Boys PG,Male,No,3 Sharing,No,19.5,16.5566442,80.79446653,6000
Krishna,Gannavaram,Bus Stand Area,"Backside of Siddhartha medical college, main road, Gannavaram, Vijayawada-521101, Andhra Pradesh",Sai Baba Ladies Hostel,Female,Yes,4 Sharing,Yes,1,16.54374208,80.80760353,9500
Krishna,Gannavaram,Bus Stand Area,"Backside of Siddhartha medical college, main road, Gannavaram, Vijayawada-521101, Andhra Pradesh",Sai Baba Ladies Hostel,Female,Yes,Single,Yes,1,16.54374208,80.80760353,13000
Krishna,Gannavaram,Bus Stand Area,"Backside of Siddhartha medical college, main road, Gannavaram, Vijayawada-521101, Andhra Pradesh",Sai Baba Ladies Hostel,Female,No,Single,No,1,16.54374208,80.80760353,7000
Krishna,Gannavaram,Bus Stand Area,"Backside of Siddhartha medical college, main road, Gannavaram, Vijayawada-521101, Andhra Pradesh",Sai Baba Ladies Hostel,Female,Yes,4 Sharing,No,1,16.54374208,80.80760353,7000
Krishna,Gannavaram,Bus Stand Area,"Backside of Siddhartha medical college, main road, Gannavaram, Vijayawada-521101, Andhra Pradesh",Sai Baba Ladies Hostel,Female,Yes,3 Sharing,No,1,16.54374208,80.80760353,8500
Krishna,Gannavaram,Bus Stand Area,"Opposite to Hcl, Gannavaram, Vijayawada-521101, Andhra Pradesh",Vinayaka PG Hostel,Female,No,3 Sharing,Yes,1,16.54374208,80.80760353,9000
Krishna,Gannavaram,Bus Stand Area,"Opposite to Hcl, Gannavaram, Vijayawada-521101, Andhra Pradesh",Vinayaka PG Hostel,Female,Yes,3 Sharing,Yes,1,16.54374208,80.80760353,10000
Krishna,Gannavaram,Bus Stand Area,"Opposite to Hcl, Gannavaram, Vijayawada-521101, Andhra Pradesh",Vinayaka PG Hostel,Female,No,4 Sharing,No,1,16.54374208,80.80760353,5000
Krishna,Gannavaram,Bus Stand Area,"Opposite to Hcl, Gannavaram, Vijayawada-521101, Andhra Pradesh",Vinayaka PG Hostel,Female,No,3 Sharing,No,1,16.54374208,80.80760353,6500
Krishna,Gannavaram,Bus Stand Area,"Opposite to Hcl, Gannavaram, Vijayawada-521101, Andhra Pradesh",Vinayaka PG Hostel,Female,No,2 Sharing,No,1,16.54374208,80.80760353,6000
Krishna,Gannavaram,Bus Stand Area,"Gannavaram, Vijayawada-521101, Andhra Pradesh",SR PG for Ladies,Female,No,4 Sharing,No,1,16.54374208,80.80760353,5000
Krishna,Gannavaram,Bus Stand Area,"Gannavaram, Vijayawada-521101, Andhra Pradesh",SR PG for Ladies,Female,Yes,4 Sharing,No,1,16.54374208,80.80760353,8500
Krishna,Gannavaram,Bus Stand Area,"Gannavaram, Vijayawada-521101, Andhra Pradesh",SR PG for Ladies,Female,Yes,3 Sharing,No,1,16.54374208,80.80760353,7500
Krishna,Gannavaram,Bus Stand Area,"Gannavaram, Vijayawada-521101, Andhra Pradesh",SR PG for Ladies,Female,Yes,2 Sharing,No,1,16.54374208,80.80760353,9500
Krishna,Gannavaram,Bus Stand Area,"Gannavaram, Vijayawada-521101, Andhra Pradesh",SR PG for Ladies,Female,No,2 Sharing,No,1,16.54374208,80.80760353,7000
Krishna,Gannavaram,Bus Stand Area,"Gannavaram, Vijayawada-521101, Andhra Pradesh",SR PG for Boys,Male,Yes,3 Sharing,Yes,1,16.54374208,80.80760353,12500
Krishna,Gannavaram,Bus Stand Area,"Gannavaram, Vijayawada-521101, Andhra Pradesh",SR PG for Boys,Male,Yes,2 Sharing,Yes,1,16.54374208,80.80760353,13000
Krishna,Gannavaram,Bus Stand Area,"Gannavaram, Vijayawada-521101, Andhra Pradesh",SR PG for Boys,Male,No,3 Sharing,No,1,16.54374208,80.80760353,6500
Krishna,Gannavaram,Bus Stand Area,"Gannavaram, Vijayawada-521101, Andhra Pradesh",SR PG for Boys,Male,Yes,4 Sharing,No,1,16.54374208,80.80760353,8000
Krishna,Gannavaram,Bus Stand Area,"Gannavaram, Vijayawada-521101, Andhra Pradesh",SR PG for Boys,Male,Yes,Single,Yes,1,16.54374208,80.80760353,13500
Krishna,Gannavaram,Bus Stand Area,"Main Road Area near market, Ganavaram - 521101",Murali Boys Hostel,Male,Yes,4 Sharing,No,1,16.54374208,80.80760353,8500
Krishna,Gannavaram,Bus Stand Area,"Main Road Area near market, Ganavaram - 521101",Murali Boys Hostel,Male,No,4 Sharing,No,1,16.54374208,80.80760353,6500
Krishna,Gannavaram,Bus Stand Area,"Main Road Area near market, Ganavaram - 521101",Murali Boys Hostel,Male,No,3 Sharing,No,1,16.54374208,80.80760353,6000
Krishna,Gannavaram,Bus Stand Area,"Main Road Area near market, Ganavaram - 521101",Murali Boys Hostel,Male,Yes,3 Sharing,Yes,1,16.54374208,80.80760353,11000
Krishna,Gannavaram,Bus Stand Area,"Main Road Area near market, Ganavaram - 521101",Murali Boys Hostel,Male,Yes,2 Sharing,No,1,16.54374208,80.80760353,9500
Krishna,Gannavaram,Bus Stand Area,"Main Road Area near market, Ganavaram - 521101",Murali Boys Hostel,Male,Yes,Single,Yes,1,16.54374208,80.80760353,13000
Krishna,Gannavaram,Bus Stand Area,"Main Road Area near market, Ganavaram - 521101",Murali Boys Hostel,Male,No,Single,No,1,16.54374208,80.80760353,7500
Krishna,Gannavaram,Kesarapalli,"Kesarapally, Vijayawada-521102, Andhra Pradesh",Sri PG Accommodation,Male,Yes,3 Sharing,No,4,16.5245856,80.77503133,9500
Krishna,Gannavaram,Kesarapalli,"Kesarapally, Vijayawada-521102, Andhra Pradesh",Sri PG Accommodation,Male,No,3 Sharing,No,4,16.5245856,80.77503133,7500
Krishna,Gannavaram,Kesarapalli,"Kesarapally, Vijayawada-521102, Andhra Pradesh",Sri PG Accommodation,Male,Yes,2 Sharing,No,4,16.5245856,80.77503133,10000
Krishna,Gannavaram,Kesarapalli,"Kesarapally, Vijayawada-521102, Andhra Pradesh",Sri PG Accommodation,Male,No,4 Sharing,No,4,16.5245856,80.77503133,5000
Krishna,Gannavaram,Kesarapalli,"Kesarapally, Vijayawada-521102, Andhra Pradesh",Sri PG Accommodation,Male,No,2 Sharing,No,4,16.5245856,80.77503133,4500
Krishna,Gannavaram,Kesarapalli,"10-208/B, Hotel Park Elite Opposite Road, Durgapuram, Kesarapally, Vijayawada-521102, Andhra Pradesh",Srinivasa Boys Hostel,Male,Yes,4 Sharing,Yes,4,16.5245856,80.77503133,10000
Krishna,Gannavaram,Kesarapalli,"10-208/B, Hotel Park Elite Opposite Road, Durgapuram, Kesarapally, Vijayawada-521102, Andhra Pradesh",Srinivasa Boys Hostel,Male,No,4 Sharing,No,4,16.5245856,80.77503133,6500
Krishna,Gannavaram,Kesarapalli,"10-208/B, Hotel Park Elite Opposite Road, Durgapuram, Kesarapally, Vijayawada-521102, Andhra Pradesh",Srinivasa Boys Hostel,Male,No,Single,Yes,4,16.5245856,80.77503133,10000
Krishna,Gannavaram,Kesarapalli,"10-208/B, Hotel Park Elite Opposite Road, Durgapuram, Kesarapally, Vijayawada-521102, Andhra Pradesh",Srinivasa Boys Hostel,Male,Yes,Single,No,4,16.5245856,80.77503133,11000
Krishna,Gannavaram,Kesarapalli,"10-208/B, Hotel Park Elite Opposite Road, Durgapuram, Kesarapally, Vijayawada-521102, Andhra Pradesh",Srinivasa Girls Hostel,Female,Yes,3 Sharing,Yes,4,16.5245856,80.77503133,12000
Krishna,Gannavaram,Kesarapalli,"10-208/B, Hotel Park Elite Opposite Road, Durgapuram, Kesarapally, Vijayawada-521102, Andhra Pradesh",Srinivasa Girls Hostel,Female,No,2 Sharing,No,4,16.5245856,80.77503133,6500
Krishna,Gannavaram,Kesarapalli,"10-208/B, Hotel Park Elite Opposite Road, Durgapuram, Kesarapally, Vijayawada-521102, Andhra Pradesh",Srinivasa Girls Hostel,Female,Yes,2 Sharing,No,4,16.5245856,80.77503133,9500
Krishna,Gannavaram,Kesarapalli,"10-208/B, Hotel Park Elite Opposite Road, Durgapuram, Kesarapally, Vijayawada-521102, Andhra Pradesh",Srinivasa Girls Hostel,Female,No,3 Sharing,No,4,16.5245856,80.77503133,5500
Krishna,Gannavaram,Kesarapalli,"D.No 3-43, Kesarapalli Main Road, Gannavaram- 530013",Kesarapalli Homes 145,Male,Yes,4 Sharing,No,4,16.5245856,80.77503133,5329
Krishna,Gannavaram,Kesarapalli,"D.No 176-11, Kesarapalli Main Road, Gannavaram- 521301",Kesarapalli Hostel 762,Male,Yes,4 Sharing,No,4,16.5245856,80.77503133,11666
Krishna,Gannavaram,Kesarapalli,"D.No 69-17, Kesarapalli Main Road, Gannavaram- 533001",Kesarapalli Stay 359,Male,No,Single,No,4,16.5245856,80.77503133,9604
Krishna,Gannavaram,Kesarapalli,"D.No 134-28, Kesarapalli Main Road, Gannavaram- 521301",Kesarapalli Residency 93,Female,Yes,3 Sharing,Yes,4,16.5245856,80.77503133,11038
Krishna,Gannavaram,Kesarapalli,"D.No 39-29, Kesarapalli Main Road, Gannavaram- 530013",Kesarapalli Homes 89,Female,Yes,3 Sharing,Yes,4,16.5245856,80.77503133,5349
Krishna,Gannavaram,Kesarapalli,"D.No 173-49, Kesarapalli Main Road, Gannavaram- 530013",Kesarapalli Residency 398,Female,Yes,2 Sharing,Yes,4,16.5245856,80.77503133,7430
Krishna,Gannavaram,Kesarapalli,"D.No 154-12, Kesarapalli Main Road, Gannavaram- 521301",Kesarapalli Homes 565,Male,No,Single,No,4,16.5245856,80.77503133,9514
Krishna,Gannavaram,Ring Road,"Door No 54-16-9/6, Plot No 23 & 53, Near Vinayaka Theatre, Back Side M Hotel, Ring Road, Vijayawada-520008, Andhra Pradesh",Sri Chaithra Womens Hostel,Female,Yes,2 Sharing,Yes,4,16.5245856,80.77503133,11627
Krishna,Gannavaram,Ring Road,"Door No 54-16-9/6, Plot No 23 & 53, Near Vinayaka Theatre, Back Side M Hotel, Ring Road, Vijayawada-520008, Andhra Pradesh",Sri Chaithra Womens Hostel,Female,Yes,4 Sharing,No,4,16.5245856,80.77503133,4650
Krishna,Gannavaram,Ring Road,"Door No 54-16-9/6, Plot No 23 & 53, Near Vinayaka Theatre, Back Side M Hotel, Ring Road, Vijayawada-520008, Andhra Pradesh",Sri Chaithra Womens Hostel,Female,No,3 Sharing,Yes,4,16.5245856,80.77503133,9022
Krishna,Gannavaram,Ring Road,"Door No 54-16-9/6, Plot No 23 & 53, Near Vinayaka Theatre, Back Side M Hotel, Ring Road, Vijayawada-520008, Andhra Pradesh",Sri Chaithra Womens Hostel,Female,No,2 Sharing,No,4,16.5245856,80.77503133,9435
Krishna,Gannavaram,Ring Road,"Door No 54-16-9/6, Plot No 23 & 53, Near Vinayaka Theatre, Back Side M Hotel, Ring Road, Vijayawada-520008, Andhra Pradesh",Sri Chaithra Womens Hostel,Female,Yes,2 Sharing,Yes,4,16.5245856,80.77503133,5472
Krishna,Gannavaram,Ring Road,"Flat No:- 29, Road No:- 1, Opposite Andhra Loyola College, Central Exange Colony, Veterinary Colony, Ring Road, Vijayawada-520008, Andhra Pradesh",Ruchi Sree Ladies Hostel,Female,No,Single,No,4,16.5245856,80.77503133,7000
Krishna,Gannavaram,Ring Road,"Flat No:- 29, Road No:- 1, Opposite Andhra Loyola College, Central Exange Colony, Veterinary Colony, Ring Road, Vijayawada-520008, Andhra Pradesh",Ruchi Sree Ladies Hostel,Female,Yes,Single,Yes,4,16.5245856,80.77503133,13000
Krishna,Gannavaram,Ring Road,"Flat No:- 29, Road No:- 1, Opposite Andhra Loyola College, Central Exange Colony, Veterinary Colony, Ring Road, Vijayawada-520008, Andhra Pradesh",Ruchi Sree Ladies Hostel,Female,No,3 Sharing,No,4,16.5245856,80.77503133,7000
Krishna,Gannavaram,Ring Road,"Flat No:- 29, Road No:- 1, Opposite Andhra Loyola College, Central Exange Colony, Veterinary Colony, Ring Road, Vijayawada-520008, Andhra Pradesh",Ruchi Sree Ladies Hostel,Female,Yes,2 Sharing,Yes,4,16.5245856,80.77503133,13500
Krishna,Gannavaram,Ring Road,"Flat No:- 29, Road No:- 1, Opposite Andhra Loyola College, Central Exange Colony, Veterinary Colony, Ring Road, Vijayawada-520008, Andhra Pradesh",Ruchi Sree Ladies Hostel,Female,Yes,4 Sharing,No,4,16.5245856,80.77503133,9000
Krishna,Gannavaram,Ring Road,"D.No 116-23, Ring Road Main Road, Gannavaram, 533003",Ring Road Heights 150,Female,No,Single,No,4,16.5245856,80.77503133,11357
Krishna,Gannavaram,Ring Road,"D.No 6-21, Ring Road Main Road, Gannavaram, 533003",Ring Road Heights 163,Female,No,4 Sharing,No,4,16.5245856,80.77503133,7602
Krishna,Gannavaram,Ring Road,"D.No 47-16, Ring Road Main Road, Gannavaram, 530013",Ring Road Homes 821,Female,Yes,3 Sharing,Yes,4,16.5245856,80.77503133,4741
Krishna,Gannavaram,Ring Road,"D.No 30-11, Ring Road Main Road, Gannavaram, 533001",Ring Road Stay 358,Male,Yes,3 Sharing,Yes,4,16.5245856,80.77503133,5133
Krishna,Gannavaram,Ring Road,"D.No 116-25, Ring Road Main Road, Gannavaram, 530013",Ring Road Hostel 179,Female,Yes,2 Sharing,No,4,16.5245856,80.77503133,10803
Krishna,Gannavaram,Ring Road,"D.No 128-30, Ring Road Main Road, Gannavaram, 533002",Ring Road Homes 85,Female,No,Single,Yes,4,16.5245856,80.77503133,9545
Krishna,Gannavaram,Ring Road,"D.No 78-36, Ring Road Main Road, Gannavaram, 533002",Ring Road Hostel 614,Female,No,Single,No,4,16.5245856,80.77503133,8047
Krishna,Gannavaram,Ring Road,"D.No 183-24, Ring Road Main Road, Gannavaram, 521301",Ring Road Residency 410,Female,Yes,4 Sharing,Yes,4,16.5245856,80.77503133,10636
Krishna,Gannavaram,Ring Road,"D.No 86-33, Ring Road Main Road, Gannavaram, 533003",Ring Road Homes 312,Female,No,4 Sharing,Yes,4,16.5245856,80.77503133,10838
Krishna,Gannavaram,Ring Road,"D.No 181-23, Ring Road Main Road, Gannavaram, 533002",Ring Road Homes 317,Male,Yes,4 Sharing,No,4,16.5245856,80.77503133,6453
Krishna,Gannavaram,Temple Street,"D.No 106-46, Temple Street Main Road, Gannavaram, 533003",Temple Street Homes 995,Male,Yes,Single,Yes,4,16.5245856,80.77503133,8291
Krishna,Gannavaram,Temple Street,"D.No 77-36, Temple Street Main Road, Gannavaram, 521301",Temple Street Residency 747,Male,No,4 Sharing,No,4,16.5245856,80.77503133,10004
Krishna,Gannavaram,Temple Street,"D.No 125-9, Temple Street Main Road, Gannavaram, 533001",Temple Street Hostel 125,Female,Yes,Single,No,4,16.5245856,80.77503133,9265
Krishna,Gannavaram,Temple Street,"D.No 104-4, Temple Street Main Road, Gannavaram, 533002",Temple Street Residency 575,Male,Yes,4 Sharing,Yes,4,16.5245856,80.77503133,4586
Krishna,Gannavaram,Temple Street,"D.No 59-35, Temple Street Main Road, Gannavaram, 533001",Temple Street Stay 170,Male,No,Single,No,4,16.5245856,80.77503133,11021
Krishna,Gannavaram,Temple Street,"D.No 160-27, Temple Street Main Road, Gannavaram, 521301",Temple Street Hostel 963,Female,No,Single,Yes,4,16.5245856,80.77503133,7614
Krishna,Gannavaram,Temple Street,"D.No 192-10, Temple Street Main Road, Gannavaram, 521301",Temple Street Hostel 34,Male,Yes,3 Sharing,No,4,16.5245856,80.77503133,11150
Krishna,Gannavaram,Temple Street,"D.No 47-29, Temple Street Main Road, Gannavaram, 521301",Temple Street Stay 4,Male,Yes,Single,No,4,16.5245856,80.77503133,8720
Krishna,Gannavaram,Temple Street,"D.No 190-16, Temple Street Main Road, Gannavaram, 530013",Temple Street Heights 88,Female,No,Single,No,4,16.5245856,80.77503133,5928
Krishna,Gannavaram,Temple Street,"D.No 67-31, Temple Street Main Road, Gannavaram, 533001",Temple Street Hostel 797,Male,Yes,3 Sharing,No,4,16.5245856,80.77503133,8100
Krishna,Gannavaram,Temple Street,"D.No 72-4, Temple Street Main Road, Gannavaram, 521101",Temple Street Stay 929,Male,Yes,3 Sharing,Yes,4,16.5245856,80.77503133,8759
Krishna,Gannavaram,Temple Street,"D.No 106-24, Temple Street Main Road, Gannavaram, 521101",Temple Street Residency 10,Male,Yes,3 Sharing,Yes,4,16.5245856,80.77503133,5524
Krishna,Gannavaram,Temple Street,"D.No 65-44, Temple Street Main Road, Gannavaram, 521101",Temple Street Homes 745,Female,No,3 Sharing,No,4,16.5245856,80.77503133,9504
Krishna,Gannavaram,Temple Street,"D.No 181-37, Temple Street Main Road, Gannavaram, 521301",Temple Street Heights 705,Female,Yes,2 Sharing,Yes,4,16.5245856,80.77503133,11515
Krishna,Gannavaram,Temple Street,"D.No 69-18, Temple Street Main Road, Gannavaram, 521101",Temple Street Hostel 909,Male,Yes,Single,Yes,4,16.5245856,80.77503133,5032
Krishna,Gannavaram,Temple Street,"D.No 2-19, Temple Street Main Road, Gannavaram, 521301",Temple Street Residency 879,Male,Yes,4 Sharing,No,4,16.5245856,80.77503133,6489
Krishna,Gannavaram,Temple Street,"D.No 51-31, Temple Street Main Road, Gannavaram, 533002",Temple Street Stay 954,Female,Yes,3 Sharing,Yes,4,16.5245856,80.77503133,10725
Krishna,Gannavaram,Temple Street,"D.No 158-18, Temple Street Main Road, Gannavaram, 521101",Temple Street Hostel 822,Male,Yes,3 Sharing,Yes,4,16.5245856,80.77503133,5405
Krishna,Gannavaram,Temple Street,"D.No 44-16, Temple Street Main Road, Gannavaram, 533001",Temple Street Residency 989,Female,No,3 Sharing,No,4,16.5245856,80.77503133,11395
Krishna,Gannavaram,Temple Street,"D.No 15-33, Temple Street Main Road, Gannavaram, 530013",Temple Street Stay 189,Female,Yes,2 Sharing,No,4,16.5245856,80.77503133,10268
Krishna,Gudivada,Main Bazaar,"D.No 171-34, Main Bazaar Main Road, Gudivada, 533003",Main Bazaar Stay 858,Female,Yes,2 Sharing,Yes,3.33,16.984069,81.86375,10031
Krishna,Gudivada,Main Bazaar,"D.No 171-26, Main Bazaar Main Road, Gudivada, 521101",Main Bazaar Residency 661,Female,No,Single,No,3.41,17.446672,80.934363,7879
Krishna,Gudivada,Main Bazaar,"D.No 191-15, Main Bazaar Main Road, Gudivada, 530013",Main Bazaar Hostel 1,Female,No,Single,Yes,1.35,17.10946,80.625959,7085
Krishna,Gudivada,Main Bazaar,"D.No 33-9, Main Bazaar Main Road, Gudivada, 530013",Main Bazaar Homes 911,Female,No,3 Sharing,No,3.99,17.45502,80.454911,5541
Krishna,Gudivada,Main Bazaar,"D.No 114-40, Main Bazaar Main Road, Gudivada, 533001",Main Bazaar Heights 988,Female,Yes,3 Sharing,Yes,3.24,16.518663,81.711012,9845
Krishna,Gudivada,Main Bazaar,"D.No 164-41, Main Bazaar Main Road, Gudivada, 521101",Main Bazaar Stay 564,Male,Yes,2 Sharing,Yes,3.42,17.142906,80.253258,6476
Krishna,Gudivada,Main Bazaar,"D.No 65-8, Main Bazaar Main Road, Gudivada, 530013",Main Bazaar Stay 909,Female,No,Single,No,0.75,17.195781,81.714999,5970
Krishna,Gudivada,Main Bazaar,"D.No 94-9, Main Bazaar Main Road, Gudivada, 521101",Main Bazaar Hostel 351,Male,No,Single,No,3.39,16.193338,82.289107,6507
Krishna,Gudivada,Main Bazaar,"D.No 163-34, Main Bazaar Main Road, Gudivada, 533003",Main Bazaar Hostel 317,Male,No,Single,No,1.16,16.562145,83.491564,4879
Krishna,Gudivada,Main Bazaar,"D.No 104-43, Main Bazaar Main Road, Gudivada, 530013",Main Bazaar Homes 973,Female,Yes,3 Sharing,Yes,3.41,16.857042,82.887437,4985
Krishna,Gudivada,Main Bazaar,"D.No 176-14, Main Bazaar Main Road, Gudivada, 533002",Main Bazaar Stay 330,Male,No,2 Sharing,No,3.9,17.608797,80.006798,7754
Krishna,Gudivada,Main Bazaar,"D.No 131-5, Main Bazaar Main Road, Gudivada, 521101",Main Bazaar Stay 316,Female,No,3 Sharing,Yes,2.29,16.357021,82.659015,11735
Krishna,Gudivada,Main Bazaar,"D.No 168-45, Main Bazaar Main Road, Gudivada, 521301",Main Bazaar Homes 241,Male,Yes,4 Sharing,No,2.58,16.217617,83.150373,5342
Krishna,Gudivada,Main Bazaar,"D.No 14-24, Main Bazaar Main Road, Gudivada, 530013",Main Bazaar Heights 235,Male,Yes,Single,No,4.2,16.684504,82.07913,9784
Krishna,Gudivada,Main Bazaar,"D.No 48-30, Main Bazaar Main Road, Gudivada, 533001",Main Bazaar Heights 768,Male,Yes,Single,No,3.22,16.41046,83.279946,6631
Krishna,Gudivada,Main Bazaar,"D.No 132-14, Main Bazaar Main Road, Gudivada, 533001",Main Bazaar Stay 891,Male,Yes,3 Sharing,No,3.56,17.591457,82.233531,9509
Krishna,Gudivada,Main Bazaar,"D.No 187-46, Main Bazaar Main Road, Gudivada, 521101",Main Bazaar Residency 649,Male,No,Single,Yes,2.53,17.726565,81.986305,10243
Krishna,Gudivada,Main Bazaar,"D.No 129-31, Main Bazaar Main Road, Gudivada, 521301",Main Bazaar Homes 446,Male,Yes,4 Sharing,Yes,2.03,17.644464,81.871383,11760
Krishna,Gudivada,Main Bazaar,"D.No 65-15, Main Bazaar Main Road, Gudivada, 533001",Main Bazaar Stay 448,Female,No,Single,No,3.58,17.318933,81.12292,11236
Krishna,Gudivada,Main Bazaar,"D.No 128-49, Main Bazaar Main Road, Gudivada, 521101",Main Bazaar Heights 895,Female,No,2 Sharing,Yes,3.25,16.799089,83.363198,5605
Krishna,Gudivada,Market Area,"D.No 198-23, Market Area Main Road, Gudivada, 533001",Market Area Residency 758,Male,Yes,2 Sharing,No,1.26,16.157018,82.934582,5151
Krishna,Gudivada,Market Area,"D.No 116-48, Market Area Main Road, Gudivada, 533001",Market Area Homes 729,Male,No,3 Sharing,Yes,2.04,16.38284,80.953553,8172
Krishna,Gudivada,Market Area,"D.No 24-47, Market Area Main Road, Gudivada, 533003",Market Area Hostel 45,Female,Yes,Single,Yes,1.56,16.759026,80.916652,7028
Krishna,Gudivada,Market Area,"D.No 187-45, Market Area Main Road, Gudivada, 530013",Market Area Stay 466,Male,No,4 Sharing,Yes,4.4,16.171459,81.379844,8320
Krishna,Gudivada,Market Area,"D.No 116-17, Market Area Main Road, Gudivada, 521101",Market Area Hostel 675,Male,No,Single,No,3.59,17.233307,80.819616,11293
Krishna,Gudivada,Market Area,"D.No 65-37, Market Area Main Road, Gudivada, 521101",Market Area Stay 444,Female,No,3 Sharing,Yes,1.08,17.345306,81.914396,8965
Krishna,Gudivada,Market Area,"D.No 85-25, Market Area Main Road, Gudivada, 533002",Market Area Stay 571,Male,Yes,3 Sharing,No,2.65,17.47301,82.730273,7306
Krishna,Gudivada,Market Area,"D.No 104-7, Market Area Main Road, Gudivada, 521301",Market Area Residency 494,Male,No,2 Sharing,No,0.57,16.28567,80.467438,7079
Krishna,Gudivada,Market Area,"D.No 180-6, Market Area Main Road, Gudivada, 533003",Market Area Stay 891,Female,No,Single,No,3.56,16.90657,80.345814,9184
Krishna,Gudivada,Market Area,"D.No 143-14, Market Area Main Road, Gudivada, 521101",Market Area Heights 419,Male,Yes,2 Sharing,No,1.69,17.660159,83.479103,9432
Krishna,Gudivada,Market Area,"D.No 101-35, Market Area Main Road, Gudivada, 521301",Market Area Heights 336,Male,Yes,2 Sharing,Yes,1.36,17.054334,82.736742,9341
Krishna,Gudivada,Market Area,"D.No 22-36, Market Area Main Road, Gudivada, 521301",Market Area Hostel 993,Male,No,4 Sharing,No,3.88,17.440843,80.987572,8976
Krishna,Gudivada,Market Area,"D.No 80-26, Market Area Main Road, Gudivada, 533002",Market Area Heights 864,Male,No,2 Sharing,Yes,3.35,17.264823,83.031479,5016
Krishna,Gudivada,Market Area,"D.No 45-19, Market Area Main Road, Gudivada, 521301",Market Area Heights 814,Female,No,2 Sharing,No,1.57,17.188701,82.261519,4564
Krishna,Gudivada,Market Area,"D.No 29-3, Market Area Main Road, Gudivada, 530013",Market Area Heights 235,Male,Yes,3 Sharing,Yes,3.02,17.687639,82.153008,10241
Krishna,Gudivada,Market Area,"D.No 151-39, Market Area Main Road, Gudivada, 521301",Market Area Stay 630,Female,No,3 Sharing,No,1.71,16.187299,82.467777,8188
Krishna,Gudivada,Market Area,"D.No 68-43, Market Area Main Road, Gudivada, 530013",Market Area Stay 141,Female,Yes,3 Sharing,No,1.38,16.791349,82.819348,9609
Krishna,Gudivada,Market Area,"D.No 184-9, Market Area Main Road, Gudivada, 521101",Market Area Hostel 953,Male,No,Single,Yes,0.78,17.807096,82.981475,5798
Krishna,Gudivada,Market Area,"D.No 103-9, Market Area Main Road, Gudivada, 530013",Market Area Heights 384,Female,No,2 Sharing,No,4.16,17.705148,80.234736,10416
Krishna,Gudivada,Market Area,"D.No 184-17, Market Area Main Road, Gudivada, 533001",Market Area Stay 201,Male,Yes,3 Sharing,No,4.91,17.81624,81.160992,5742
Krishna,Gudivada,Nehru Chowk,"D.No 86-9, Nehru Chowk Main Road, Gudivada, 521301",Nehru Chowk Residency 180,Female,No,Single,Yes,3.36,16.665521,80.485466,11196
Krishna,Gudivada,Nehru Chowk,"D.No 2-1, Nehru Chowk Main Road, Gudivada, 521301",Nehru Chowk Homes 682,Male,No,2 Sharing,Yes,2.48,17.886733,83.21054,10143
Krishna,Gudivada,Nehru Chowk,"D.No 198-50, Nehru Chowk Main Road, Gudivada, 521101",Nehru Chowk Heights 291,Male,No,Single,No,3.12,17.938427,82.29566,8880
Krishna,Gudivada,Nehru Chowk,"D.No 93-4, Nehru Chowk Main Road, Gudivada, 521301",Nehru Chowk Homes 613,Male,No,2 Sharing,No,4.59,16.097163,80.398267,11491
Krishna,Gudivada,Nehru Chowk,"D.No 83-1, Nehru Chowk Main Road, Gudivada, 530013",Nehru Chowk Hostel 620,Male,Yes,4 Sharing,Yes,1.51,17.736535,80.254818,8039
Krishna,Gudivada,Nehru Chowk,"D.No 126-14, Nehru Chowk Main Road, Gudivada, 533002",Nehru Chowk Stay 688,Female,Yes,3 Sharing,Yes,3.48,17.624594,81.03251,9779
Krishna,Gudivada,Nehru Chowk,"D.No 12-9, Nehru Chowk Main Road, Gudivada, 533003",Nehru Chowk Homes 206,Male,Yes,Single,Yes,1.21,17.178039,83.293085,5520
Krishna,Gudivada,Nehru Chowk,"D.No 1-45, Nehru Chowk Main Road, Gudivada, 521301",Nehru Chowk Stay 178,Male,Yes,4 Sharing,No,4.71,17.459154,82.252526,10851
Krishna,Gudivada,Nehru Chowk,"D.No 28-25, Nehru Chowk Main Road, Gudivada, 533003",Nehru Chowk Heights 96,Male,No,2 Sharing,Yes,3.75,17.813862,80.914641,10156
Krishna,Gudivada,Nehru Chowk,"D.No 6-5, Nehru Chowk Main Road, Gudivada, 533002",Nehru Chowk Heights 958,Female,Yes,Single,No,3.79,17.248983,81.831972,10663
Krishna,Gudivada,Nehru Chowk,"D.No 148-35, Nehru Chowk Main Road, Gudivada, 533002",Nehru Chowk Hostel 514,Male,Yes,4 Sharing,Yes,2.52,16.613528,81.032146,11285
Krishna,Gudivada,Nehru Chowk,"D.No 164-39, Nehru Chowk Main Road, Gudivada, 521301",Nehru Chowk Heights 791,Male,Yes,2 Sharing,Yes,1.76,16.38278,83.125777,10488
Krishna,Gudivada,Nehru Chowk,"D.No 93-27, Nehru Chowk Main Road, Gudivada, 530013",Nehru Chowk Stay 236,Female,No,2 Sharing,No,2.08,17.630562,83.389182,11231
Krishna,Gudivada,Nehru Chowk,"D.No 142-10, Nehru Chowk Main Road, Gudivada, 530013",Nehru Chowk Heights 392,Female,Yes,4 Sharing,Yes,2.57,16.389655,82.156498,11508
Krishna,Gudivada,Nehru Chowk,"D.No 164-4, Nehru Chowk Main Road, Gudivada, 521101",Nehru Chowk Residency 459,Female,No,3 Sharing,Yes,4.61,16.20746,82.191224,8845
Krishna,Gudivada,Nehru Chowk,"D.No 178-43, Nehru Chowk Main Road, Gudivada, 521301",Nehru Chowk Heights 472,Male,No,3 Sharing,No,1.54,16.191378,83.470083,9548
Krishna,Gudivada,Nehru Chowk,"D.No 52-35, Nehru Chowk Main Road, Gudivada, 521301",Nehru Chowk Hostel 892,Male,No,4 Sharing,No,2.78,17.594491,83.418026,10336
Krishna,Gudivada,Nehru Chowk,"D.No 20-25, Nehru Chowk Main Road, Gudivada, 521101",Nehru Chowk Hostel 398,Female,No,2 Sharing,No,1.53,17.599478,83.077355,9039
Krishna,Gudivada,Nehru Chowk,"D.No 65-13, Nehru Chowk Main Road, Gudivada, 533001",Nehru Chowk Homes 932,Male,No,Single,Yes,4.3,17.663012,83.24816,9284
Krishna,Gudivada,Nehru Chowk,"D.No 30-24, Nehru Chowk Main Road, Gudivada, 533003",Nehru Chowk Hostel 198,Female,Yes,2 Sharing,Yes,4.46,17.641622,80.478344,9438
Krishna,Gudivada,RTC Complex,"D.No 98-27, RTC Complex Main Road, Gudivada, 521301",RTC Complex Stay 113,Male,No,2 Sharing,Yes,3.02,16.563284,80.194334,7027
Krishna,Gudivada,RTC Complex,"D.No 49-36, RTC Complex Main Road, Gudivada, 521101",RTC Complex Homes 596,Female,No,3 Sharing,Yes,1.17,17.393477,80.516628,9595
Krishna,Gudivada,RTC Complex,"D.No 135-47, RTC Complex Main Road, Gudivada, 533001",RTC Complex Residency 840,Male,No,4 Sharing,No,4.77,16.585247,81.160284,5719
Krishna,Gudivada,RTC Complex,"D.No 22-33, RTC Complex Main Road, Gudivada, 533002",RTC Complex Heights 852,Male,Yes,2 Sharing,Yes,4.28,17.989062,81.22941,11085
Krishna,Gudivada,RTC Complex,"D.No 12-28, RTC Complex Main Road, Gudivada, 521101",RTC Complex Residency 903,Female,No,4 Sharing,No,0.59,16.04153,83.437555,11462
Krishna,Gudivada,RTC Complex,"D.No 169-2, RTC Complex Main Road, Gudivada, 533001",RTC Complex Residency 887,Male,No,Single,No,3.24,16.775201,82.309816,11950
Krishna,Gudivada,RTC Complex,"D.No 171-17, RTC Complex Main Road, Gudivada, 533002",RTC Complex Stay 717,Female,No,4 Sharing,Yes,4.59,16.726908,83.369886,10462
Krishna,Gudivada,RTC Complex,"D.No 59-18, RTC Complex Main Road, Gudivada, 533002",RTC Complex Stay 172,Male,No,Single,Yes,2.94,17.528657,81.076252,7069
Krishna,Gudivada,RTC Complex,"D.No 183-42, RTC Complex Main Road, Gudivada, 533003",RTC Complex Homes 7,Female,No,3 Sharing,Yes,3.55,17.781686,80.425414,10359
Krishna,Gudivada,RTC Complex,"D.No 151-30, RTC Complex Main Road, Gudivada, 521301",RTC Complex Homes 929,Female,Yes,3 Sharing,No,2.81,17.786262,82.191912,7657
Krishna,Gudivada,RTC Complex,"D.No 159-15, RTC Complex Main Road, Gudivada, 521101",RTC Complex Stay 803,Female,No,3 Sharing,No,4.57,17.969879,82.963168,11762
Krishna,Gudivada,RTC Complex,"D.No 148-16, RTC Complex Main Road, Gudivada, 530013",RTC Complex Hostel 335,Male,Yes,3 Sharing,Yes,1.56,16.381095,81.841329,4575
Krishna,Gudivada,RTC Complex,"D.No 148-35, RTC Complex Main Road, Gudivada, 521101",RTC Complex Homes 178,Female,No,3 Sharing,No,3.06,16.174811,80.630507,10338
Krishna,Gudivada,RTC Complex,"D.No 186-37, RTC Complex Main Road, Gudivada, 533003",RTC Complex Homes 77,Female,No,Single,No,3.91,16.441348,80.670237,5049
Krishna,Gudivada,RTC Complex,"D.No 45-18, RTC Complex Main Road, Gudivada, 530013",RTC Complex Hostel 619,Female,No,3 Sharing,No,3.06,17.836986,81.841485,8804
Krishna,Gudivada,RTC Complex,"D.No 18-50, RTC Complex Main Road, Gudivada, 521101",RTC Complex Residency 474,Male,No,Single,Yes,3.3,16.074859,82.793074,4553
Krishna,Gudivada,RTC Complex,"D.No 13-45, RTC Complex Main Road, Gudivada, 533003",RTC Complex Residency 638,Female,Yes,4 Sharing,No,2.5,17.469863,80.353963,10275
Krishna,Gudivada,RTC Complex,"D.No 103-45, RTC Complex Main Road, Gudivada, 533003",RTC Complex Stay 221,Male,Yes,4 Sharing,Yes,2.82,16.438355,80.440258,7461
Krishna,Gudivada,RTC Complex,"D.No 57-40, RTC Complex Main Road, Gudivada, 533001",RTC Complex Residency 330,Male,No,2 Sharing,Yes,3.67,16.089652,81.833648,11101
Krishna,Gudivada,RTC Complex,"D.No 160-1, RTC Complex Main Road, Gudivada, 521101",RTC Complex Hostel 292,Male,Yes,3 Sharing,No,4.62,17.997254,80.875668,7587
Krishna,Gudivada,Railway Station,"D.No 160-2, Railway Station Main Road, Gudivada, 521301",Railway Station Heights 819,Female,No,4 Sharing,Yes,4.94,16.364487,83.1272,6710
Krishna,Gudivada,Railway Station,"D.No 43-46, Railway Station Main Road, Gudivada, 533002",Railway Station Stay 415,Female,No,Single,Yes,2.66,17.018625,81.663848,5647
Krishna,Gudivada,Railway Station,"D.No 105-15, Railway Station Main Road, Gudivada, 533003",Railway Station Residency 171,Male,Yes,3 Sharing,No,3.69,16.808997,82.846851,4777
Krishna,Gudivada,Railway Station,"D.No 185-23, Railway Station Main Road, Gudivada, 530013",Railway Station Homes 661,Male,Yes,Single,No,4.96,16.813312,83.339663,7330
Krishna,Gudivada,Railway Station,"D.No 70-8, Railway Station Main Road, Gudivada, 530013",Railway Station Heights 773,Male,Yes,Single,Yes,3.07,16.273591,80.730445,10088
Krishna,Gudivada,Railway Station,"D.No 107-28, Railway Station Main Road, Gudivada, 521301",Railway Station Hostel 613,Male,Yes,3 Sharing,No,4.86,16.676847,82.743837,9939
Krishna,Gudivada,Railway Station,"D.No 165-30, Railway Station Main Road, Gudivada, 533001",Railway Station Homes 585,Male,No,4 Sharing,Yes,4.23,16.001464,81.372094,8861
Krishna,Gudivada,Railway Station,"D.No 43-14, Railway Station Main Road, Gudivada, 533001",Railway Station Stay 58,Female,No,3 Sharing,Yes,4.71,17.049158,81.421114,7087
Krishna,Gudivada,Railway Station,"D.No 36-40, Railway Station Main Road, Gudivada, 533003",Railway Station Homes 904,Male,Yes,4 Sharing,Yes,2.74,16.610214,82.877212,10934
Krishna,Gudivada,Railway Station,"D.No 156-1, Railway Station Main Road, Gudivada, 530013",Railway Station Homes 818,Female,No,Single,No,4.3,16.025745,82.915057,9202
Krishna,Gudivada,Railway Station,"D.No 195-4, Railway Station Main Road, Gudivada, 530013",Railway Station Homes 662,Male,Yes,4 Sharing,No,2.42,17.656713,82.155586,11042
Krishna,Gudivada,Railway Station,"D.No 5-14, Railway Station Main Road, Gudivada, 533001",Railway Station Hostel 481,Male,No,4 Sharing,Yes,0.71,16.198081,80.14256,9751
Krishna,Gudivada,Railway Station,"D.No 180-27, Railway Station Main Road, Gudivada, 521301",Railway Station Hostel 922,Male,No,Single,No,0.85,16.443529,81.491158,11528
Krishna,Gudivada,Railway Station,"D.No 177-2, Railway Station Main Road, Gudivada, 533003",Railway Station Hostel 988,Male,No,4 Sharing,No,0.62,16.145009,81.018896,11286
Krishna,Gudivada,Railway Station,"D.No 99-18, Railway Station Main Road, Gudivada, 533001",Railway Station Hostel 798,Female,No,2 Sharing,Yes,4.34,17.221948,82.265762,11671
Krishna,Gudivada,Railway Station,"D.No 188-10, Railway Station Main Road, Gudivada, 530013",Railway Station Homes 719,Female,No,3 Sharing,No,4.97,17.834361,83.355837,10829
Krishna,Gudivada,Railway Station,"D.No 44-43, Railway Station Main Road, Gudivada, 521101",Railway Station Residency 783,Male,No,Single,Yes,1.46,17.404068,80.384624,10938
Krishna,Gudivada,Railway Station,"D.No 108-46, Railway Station Main Road, Gudivada, 533003",Railway Station Homes 710,Female,Yes,4 Sharing,No,0.65,16.999426,83.132362,5619
Krishna,Gudivada,Railway Station,"D.No 83-44, Railway Station Main Road, Gudivada, 533003",Railway Station Stay 30,Female,Yes,2 Sharing,Yes,2.21,16.565035,81.14766,8849
Krishna,Gudivada,Railway Station,"D.No 110-44, Railway Station Main Road, Gudivada, 533002",Railway Station Stay 30,Female,Yes,3 Sharing,No,1.85,17.683828,83.484432,5216
Visakhapatnam,Vizag,MVP Colony,"MVP Main Road, Sector-2 MVP Colony Visakhapatnam-530017",Modern Ladies Hostel,Female,No,3 Sharing,Yes,2.7,17.74044437,83.33316556,7500
Visakhapatnam,Vizag,MVP Colony,"MVP Main Road, Sector-2 MVP Colony Visakhapatnam-530017",Modern Ladies Hostel,Female,No,4 Sharing,No,2.7,17.74044437,83.33316556,4500
Visakhapatnam,Vizag,MVP Colony,"MVP Main Road, Sector-2 MVP Colony Visakhapatnam-530017",Modern Ladies Hostel,Female,No,2 Sharing,No,2.7,17.74044437,83.33316556,7000
Visakhapatnam,Vizag,MVP Colony,"MVP Main Road, Sector-2 MVP Colony Visakhapatnam-530017",Modern Ladies Hostel,Female,Yes,3 Sharing,Yes,2.7,17.74044437,83.33316556,11000
Visakhapatnam,Vizag,MVP Colony,"MVP Main Road, Sector-2 MVP Colony Visakhapatnam-530017",Modern Ladies Hostel,Female,Yes,2 Sharing,Yes,2.7,17.74044437,83.33316556,9500
Visakhapatnam,Vizag,MVP Colony,"Door No:1-100-25, Sector-5, Near Seventhday school, Durgalamma Temple Road, MVP Colony Visakhapatnam-530017, AP",Sri Deepthi Ladies Hostel,Female,No,3 Sharing,Yes,2.7,17.74044437,83.33316556,9000
Visakhapatnam,Vizag,MVP Colony,"Door No:1-100-25, Sector-5, Near Seventhday school, Durgalamma Temple Road, MVP Colony Visakhapatnam-530017, AP",Sri Deepthi Ladies Hostel,Female,Yes,3 Sharing,Yes,2.7,17.74044437,83.33316556,12000
Visakhapatnam,Vizag,MVP Colony,"Door No:1-100-25, Sector-5, Near Seventhday school, Durgalamma Temple Road, MVP Colony Visakhapatnam-530017, AP",Sri Deepthi Ladies Hostel,Female,No,4 Sharing,No,2.7,17.74044437,83.33316556,5500
Visakhapatnam,Vizag,MVP Colony,"Door No:1-100-25, Sector-5, Near Seventhday school, Durgalamma Temple Road, MVP Colony Visakhapatnam-530017, AP",Sri Deepthi Ladies Hostel,Female,No,2 Sharing,Yes,2.7,17.74044437,83.33316556,8500
Visakhapatnam,Vizag,MVP Colony,"Door No:1-100-25, Sector-5, Near Seventhday school, Durgalamma Temple Road, MVP Colony Visakhapatnam-530017, AP",Sri Deepthi Ladies Hostel,Female,No,2 Sharing,No,2.7,17.74044437,83.33316556,7000
Visakhapatnam,Vizag,MVP Colony,"Door No:1-100-25, Sector-5, Near Seventhday school, Durgalamma Temple Road, MVP Colony Visakhapatnam-530017, AP",Sri Deepthi Ladies Hostel,Female,No,Single,No,2.7,17.74044437,83.33316556,8000
Visakhapatnam,Vizag,MVP Colony,"MVP Colony, Visakhapatnam-530017",SunShine Boys Hostel,Male,Yes,2 Sharing,No,2.7,17.74044437,83.33316556,9000
Visakhapatnam,Vizag,MVP Colony,"MVP Colony, Visakhapatnam-530017",SunShine Boys Hostel,Male,No,4 Sharing,No,2.7,17.74044437,83.33316556,9000
Visakhapatnam,Vizag,MVP Colony,"MVP Colony, Visakhapatnam-530017",SunShine Boys Hostel,Male,Yes,4 Sharing,Yes,2.7,17.74044437,83.33316556,10000
Visakhapatnam,Vizag,MVP Colony,"MVP Colony, Visakhapatnam-530017",SunShine Boys Hostel,Male,Yes,Single,Yes,2.7,17.74044437,83.33316556,13000
Visakhapatnam,Vizag,MVP Colony,"MVP Colony, Visakhapatnam-530017",SunShine Boys Hostel,Male,Yes,3 Sharing,Yes,2.7,17.74044437,83.33316556,9500
Visakhapatnam,Vizag,MVP Colony,"Door No 2-39-9, Near Samata College, Apughar Road, Sector 9&10, MVP Colony, Visakhapatnam-530017",Sri Krishna Boys PG,Male,Yes,3 Sharing,No,2.7,17.74044437,83.33316556,8000
Visakhapatnam,Vizag,MVP Colony,"Door No 2-39-9, Near Samata College, Apughar Road, Sector 9&10, MVP Colony, Visakhapatnam-530017",Sri Krishna Boys PG,Male,No,3 Sharing,No,2.7,17.74044437,83.33316556,6500
Visakhapatnam,Vizag,MVP Colony,"Door No 2-39-9, Near Samata College, Apughar Road, Sector 9&10, MVP Colony, Visakhapatnam-530017",Sri Krishna Boys PG,Male,Yes,4 Sharing,No,2.7,17.74044437,83.33316556,7000
Visakhapatnam,Vizag,MVP Colony,"Door No 2-39-9, Near Samata College, Apughar Road, Sector 9&10, MVP Colony, Visakhapatnam-530017",Sri Krishna Boys PG,Male,Yes,3 Sharing,No,2.7,17.74044437,83.33316556,8500
Visakhapatnam,Vizag,Dwaraka Nagar,"Door No 14-11- 2A, Opp Ramlingeswara Swamy Temple Bharathi Hospital Backside Street, Maharanipeta, Visakhapatnam-530002, Andhra Pradesh",Durga Ladies Hostel,Female,Yes,Single,No,1.8,17.7294787,83.30947546,12000
Visakhapatnam,Vizag,Dwaraka Nagar,"Door No 14-11- 2A, Opp Ramlingeswara Swamy Temple Bharathi Hospital Backside Street, Maharanipeta, Visakhapatnam-530002, Andhra Pradesh",Durga Ladies Hostel,Female,No,2 Sharing,No,1.8,17.7294787,83.30947546,7500
Visakhapatnam,Vizag,Dwaraka Nagar,"Door No 14-11- 2A, Opp Ramlingeswara Swamy Temple Bharathi Hospital Backside Street, Maharanipeta, Visakhapatnam-530002, Andhra Pradesh",Durga Ladies Hostel,Female,Yes,2 Sharing,Yes,1.8,17.7294787,83.30947546,13000
Visakhapatnam,Vizag,Dwaraka Nagar,"Door No 14-11- 2A, Opp Ramlingeswara Swamy Temple Bharathi Hospital Backside Street, Maharanipeta, Visakhapatnam-530002, Andhra Pradesh",Durga Ladies Hostel,Female,Yes,4 Sharing,No,1.8,17.7294787,83.30947546,8000
Visakhapatnam,Vizag,Dwaraka Nagar,"Opp ANR Shopping Mall, Dwaraka Nagar 1st Lane, Visakhapatnam-530016",Brundavan Ladies Hostel,Female,Yes,4 Sharing,Yes,1.8,17.7294787,83.30947546,10000
Visakhapatnam,Vizag,Dwaraka Nagar,"Opp ANR Shopping Mall, Dwaraka Nagar 1st Lane, Visakhapatnam-530016",Brundavan Ladies Hostel,Female,Yes,2 Sharing,No,1.8,17.7294787,83.30947546,7500
Visakhapatnam,Vizag,Dwaraka Nagar,"Opp ANR Shopping Mall, Dwaraka Nagar 1st Lane, Visakhapatnam-530016",Brundavan Ladies Hostel,Female,No,4 Sharing,No,1.8,17.7294787,83.30947546,6000
Visakhapatnam,Vizag,Dwaraka Nagar,"Opp ANR Shopping Mall, Dwaraka Nagar 1st Lane, Visakhapatnam-530016",Brundavan Ladies Hostel,Female,Yes,2 Sharing,No,1.8,17.7294787,83.30947546,9000
Visakhapatnam,Vizag,Dwaraka Nagar,"Opp ANR Shopping Mall, Dwaraka Nagar 1st Lane, Visakhapatnam-530016",Brundavan Ladies Hostel,Female,Yes,3 Sharing,No,1.8,17.7294787,83.30947546,7500
Visakhapatnam,Vizag,Dwaraka Nagar,"Surya Heights, Near Gitam University, Silver Oaks Road, Rushikonda, Visakhapatnam-530045, Andhra Pradesh",Southern Living,Male,Yes,2 Sharing,Yes,1.8,17.7294787,83.30947546,11000
Visakhapatnam,Vizag,Dwaraka Nagar,"Surya Heights, Near Gitam University, Silver Oaks Road, Rushikonda, Visakhapatnam-530045, Andhra Pradesh",Southern Living,Male,No,4 Sharing,No,1.8,17.7294787,83.30947546,5500
Visakhapatnam,Vizag,Dwaraka Nagar,"Surya Heights, Near Gitam University, Silver Oaks Road, Rushikonda, Visakhapatnam-530045, Andhra Pradesh",Southern Living,Male,Yes,4 Sharing,No,1.8,17.7294787,83.30947546,8500
Visakhapatnam,Vizag,Dwaraka Nagar,"Surya Heights, Near Gitam University, Silver Oaks Road, Rushikonda, Visakhapatnam-530045, Andhra Pradesh",Southern Living,Male,Yes,Single,Yes,1.8,17.7294787,83.30947546,13000
Visakhapatnam,Vizag,Dwaraka Nagar,"Surya Heights, Near Gitam University, Silver Oaks Road, Rushikonda, Visakhapatnam-530045, Andhra Pradesh",Southern Living,Male,No,2 Sharing,No,1.8,17.7294787,83.30947546,7000
Visakhapatnam,Vizag,Dwaraka Nagar,"Near Bvk College, Dwaraka Nagar, Visakhapatnam-530016, Andhra Pradesh",Sai Sudha Boys Hostel,Male,No,3 Sharing,No,1.8,17.7294787,83.30947546,6500
Visakhapatnam,Vizag,Dwaraka Nagar,"Near Bvk College, Dwaraka Nagar, Visakhapatnam-530016, Andhra Pradesh",Sai Sudha Boys Hostel,Male,Yes,3 Sharing,No,1.8,17.7294787,83.30947546,9500
Visakhapatnam,Vizag,Dwaraka Nagar,"Near Bvk College, Dwaraka Nagar, Visakhapatnam-530016, Andhra Pradesh",Sai Sudha Boys Hostel,Male,No,4 Sharing,No,1.8,17.7294787,83.30947546,5000
Visakhapatnam,Vizag,Dwaraka Nagar,"Near Bvk College, Dwaraka Nagar, Visakhapatnam-530016, Andhra Pradesh",Sai Sudha Boys Hostel,Male,Yes,4 Sharing,No,1.8,17.7294787,83.30947546,8000
Visakhapatnam,Vizag,Dwaraka Nagar,"Near Bvk College, Dwaraka Nagar, Visakhapatnam-530016, Andhra Pradesh",Sai Sudha Boys Hostel,Male,Yes,2 Sharing,No,1.8,17.7294787,83.30947546,8500
Visakhapatnam,Vizag,Dwaraka Nagar,"Near Bvk College, Dwaraka Nagar, Visakhapatnam-530016, Andhra Pradesh",Sai Sudha Boys Hostel,Male,Yes,Single,No,1.8,17.7294787,83.30947546,11500
Visakhapatnam,Vizag,Gajuwaka,"Door No 6-53-29/1, Yerragadda Colony, Sramika Nagar, Gajuwaka, Visakhapatnam-530026, Andhra Pradesh",PadmaPriya Working Men's Hostel,Male,No,4 Sharing,No,17.7,17.68682682,83.20334823,6000
Visakhapatnam,Vizag,Gajuwaka,"Door No 6-53-29/1, Yerragadda Colony, Sramika Nagar, Gajuwaka, Visakhapatnam-530026, Andhra Pradesh",PadmaPriya Working Men's Hostel,Male,Yes,3 Sharing,No,17.7,17.68682682,83.20334823,8500
Visakhapatnam,Vizag,Gajuwaka,"Door No 6-53-29/1, Yerragadda Colony, Sramika Nagar, Gajuwaka, Visakhapatnam-530026, Andhra Pradesh",PadmaPriya Working Men's Hostel,Male,Yes,4 Sharing,Yes,17.7,17.68682682,83.20334823,10000
Visakhapatnam,Vizag,Gajuwaka,"Door No 6-53-29/1, Yerragadda Colony, Sramika Nagar, Gajuwaka, Visakhapatnam-530026, Andhra Pradesh",PadmaPriya Working Men's Hostel,Male,No,2 Sharing,No,17.7,17.68682682,83.20334823,9500
Visakhapatnam,Vizag,Gajuwaka,"DOOR NO 27-2-65/1, Near Sri Chaitanya Techno School, Sri Nagar, Gajuwaka, Visakhapatnam-530026, Andhra Pradesh",Vikasitha Ladies Hostel,Female,Yes,2 Sharing,Yes,17.7,17.68682682,83.20334823,12500
Visakhapatnam,Vizag,Gajuwaka,"DOOR NO 27-2-65/1, Near Sri Chaitanya Techno School, Sri Nagar, Gajuwaka, Visakhapatnam-530026, Andhra Pradesh",Vikasitha Ladies Hostel,Female,Yes,3 Sharing,No,17.7,17.68682682,83.20334823,8500
Visakhapatnam,Vizag,Gajuwaka,"DOOR NO 27-2-65/1, Near Sri Chaitanya Techno School, Sri Nagar, Gajuwaka, Visakhapatnam-530026, Andhra Pradesh",Vikasitha Ladies Hostel,Female,Yes,Single,Yes,17.7,17.68682682,83.20334823,13000
Visakhapatnam,Vizag,Gajuwaka,"DOOR NO 27-2-65/1, Near Sri Chaitanya Techno School, Sri Nagar, Gajuwaka, Visakhapatnam-530026, Andhra Pradesh",Vikasitha Ladies Hostel,Female,Yes,4 Sharing,No,17.7,17.68682682,83.20334823,8500
Visakhapatnam,Vizag,Gajuwaka,"DOOR NO 27-2-65/1, Near Sri Chaitanya Techno School, Sri Nagar, Gajuwaka, Visakhapatnam-530026, Andhra Pradesh",Vikasitha Ladies Hostel,Female,No,2 Sharing,No,17.7,17.68682682,83.20334823,7500
Visakhapatnam,Vizag,Gajuwaka,"DNo: 31-47-101/3, FF-201, Jaruthi Enclave, Fakeertakya, Opp. Vuda Phase-V, Duvvada, Visakhapatnam-530046, Andhra Pradesh",Suryodaya Boys Hostel,Male,Yes,4 Sharing,No,17.7,17.68682682,83.20334823,8000
Visakhapatnam,Vizag,Gajuwaka,"DNo: 31-47-101/3, FF-201, Jaruthi Enclave, Fakeertakya, Opp. Vuda Phase-V, Duvvada, Visakhapatnam-530046, Andhra Pradesh",Suryodaya Boys Hostel,Male,Yes,3 Sharing,Yes,17.7,17.68682682,83.20334823,10000
Visakhapatnam,Vizag,Gajuwaka,"DNo: 31-47-101/3, FF-201, Jaruthi Enclave, Fakeertakya, Opp. Vuda Phase-V, Duvvada, Visakhapatnam-530046, Andhra Pradesh",Suryodaya Boys Hostel,Male,Yes,2 Sharing,No,17.7,17.68682682,83.20334823,8500
Visakhapatnam,Vizag,Gajuwaka,"DNo: 31-47-101/3, FF-201, Jaruthi Enclave, Fakeertakya, Opp. Vuda Phase-V, Duvvada, Visakhapatnam-530046, Andhra Pradesh",Suryodaya Boys Hostel,Male,No,2 Sharing,No,17.7,17.68682682,83.20334823,6500
Visakhapatnam,Vizag,Gajuwaka,"DNo: 31-47-101/3, FF-201, Jaruthi Enclave, Fakeertakya, Opp. Vuda Phase-V, Duvvada, Visakhapatnam-530046, Andhra Pradesh",Suryodaya Boys Hostel,Male,Yes,Single,No,17.7,17.68682682,83.20334823,12500
Visakhapatnam,Vizag,Gajuwaka,"Dno.1-1-47, Old Gajuwaka Bharat Petrol Bunk, Meher Nagar, Gajuwaka, Visakhapatnam-530026, Andhra Pradesh",Satyam Girls Hostel,Female,Yes,4 Sharing,No,17.7,17.68682682,83.20334823,7500
Visakhapatnam,Vizag,Gajuwaka,"Dno.1-1-47, Old Gajuwaka Bharat Petrol Bunk, Meher Nagar, Gajuwaka, Visakhapatnam-530026, Andhra Pradesh",Satyam Girls Hostel,Female,Yes,3 Sharing,Yes,17.7,17.68682682,83.20334823,11500
Visakhapatnam,Vizag,Gajuwaka,"Dno.1-1-47, Old Gajuwaka Bharat Petrol Bunk, Meher Nagar, Gajuwaka, Visakhapatnam-530026, Andhra Pradesh",Satyam Girls Hostel,Female,Yes,Single,No,17.7,17.68682682,83.20334823,12500
Visakhapatnam,Vizag,Gajuwaka,"Dno.1-1-47, Old Gajuwaka Bharat Petrol Bunk, Meher Nagar, Gajuwaka, Visakhapatnam-530026, Andhra Pradesh",Satyam Girls Hostel,Female,No,4 Sharing,No,17.7,17.68682682,83.20334823,6500
Visakhapatnam,Vizag,Gajuwaka,"Dno.1-1-47, Old Gajuwaka Bharat Petrol Bunk, Meher Nagar, Gajuwaka, Visakhapatnam-530026, Andhra Pradesh",Satyam Girls Hostel,Female,No,2 Sharing,No,17.7,17.68682682,83.20334823,7500
Visakhapatnam,Vizag,Gajuwaka,"Dno.1-1-47, Old Gajuwaka Bharat Petrol Bunk, Meher Nagar, Gajuwaka, Visakhapatnam-530026, Andhra Pradesh",Satyam Girls Hostel,Female,Yes,2 Sharing,No,17.7,17.68682682,83.20334823,9000
Visakhapatnam,Vizag,Maddilapalem,"DNo:53-21-4, Chaitanya Nagar, Maddilapalem, Visakhapatnam-530013, Andhra Pradesh",Ayyapa Boys Hostel,Male,No,4 Sharing,No,1,17.73772464,83.32170333,5000
Visakhapatnam,Vizag,Maddilapalem,"DNo:53-21-4, Chaitanya Nagar, Maddilapalem, Visakhapatnam-530013, Andhra Pradesh",Ayyapa Boys Hostel,Male,Yes,2 Sharing,No,1,17.73772464,83.32170333,10000
Visakhapatnam,Vizag,Maddilapalem,"DNo:53-21-4, Chaitanya Nagar, Maddilapalem, Visakhapatnam-530013, Andhra Pradesh",Ayyapa Boys Hostel,Male,No,Single,No,1,17.73772464,83.32170333,7500
Visakhapatnam,Vizag,Maddilapalem,"DNo:53-21-4, Chaitanya Nagar, Maddilapalem, Visakhapatnam-530013, Andhra Pradesh",Ayyapa Boys Hostel,Male,No,2 Sharing,No,1,17.73772464,83.32170333,4500
Visakhapatnam,Vizag,Maddilapalem,"DNo:53-21-4, Chaitanya Nagar, Maddilapalem, Visakhapatnam-530013, Andhra Pradesh",Ayyapa Boys Hostel,Male,No,3 Sharing,No,1,17.73772464,83.32170333,6000
Visakhapatnam,Vizag,Maddilapalem,"D.NO : 9-40-10/5, PITHAPURAM COLONY, NEAR KALA BHARATHI, Maddilapalem, Visakhapatnam-530013, Andhra Pradesh",Homestay Boys Hostel,Male,No,2 Sharing,No,1,17.73772464,83.32170333,7000
Visakhapatnam,Vizag,Maddilapalem,"D.NO : 9-40-10/5, PITHAPURAM COLONY, NEAR KALA BHARATHI, Maddilapalem, Visakhapatnam-530013, Andhra Pradesh",Homestay Boys Hostel,Male,Yes,2 Sharing,Yes,1,17.73772464,83.32170333,13000
Visakhapatnam,Vizag,Maddilapalem,"D.NO : 9-40-10/5, PITHAPURAM COLONY, NEAR KALA BHARATHI, Maddilapalem, Visakhapatnam-530013, Andhra Pradesh",Homestay Boys Hostel,Male,Yes,4 Sharing,No,1,17.73772464,83.32170333,9000
Visakhapatnam,Vizag,Maddilapalem,"D.NO : 9-40-10/5, PITHAPURAM COLONY, NEAR KALA BHARATHI, Maddilapalem, Visakhapatnam-530013, Andhra Pradesh",Homestay Boys Hostel,Male,Yes,3 Sharing,Yes,1,17.73772464,83.32170333,11000
Visakhapatnam,Vizag,Maddilapalem,"D.NO : 9-40-10/5, PITHAPURAM COLONY, NEAR KALA BHARATHI, Maddilapalem, Visakhapatnam-530013, Andhra Pradesh",Homestay Boys Hostel,Male,No,3 Sharing,No,1,17.73772464,83.32170333,8500
Visakhapatnam,Vizag,Maddilapalem,"Door no 9-40-10/5, Near Kaka Bharathi, Pithapuram Colony, Maddilapalem, Visakhapatnam-530013, Andhra Pradesh",Sri Kanaka Durga Ladies Hostel,Female,No,3 Sharing,No,1,17.73772464,83.32170333,7000
Visakhapatnam,Vizag,Maddilapalem,"Door no 9-40-10/5, Near Kaka Bharathi, Pithapuram Colony, Maddilapalem, Visakhapatnam-530013, Andhra Pradesh",Sri Kanaka Durga Ladies Hostel,Female,Yes,4 Sharing,No,1,17.73772464,83.32170333,8000
Visakhapatnam,Vizag,Maddilapalem,"Door no 9-40-10/5, Near Kaka Bharathi, Pithapuram Colony, Maddilapalem, Visakhapatnam-530013, Andhra Pradesh",Sri Kanaka Durga Ladies Hostel,Female,No,4 Sharing,No,1,17.73772464,83.32170333,5000
Visakhapatnam,Vizag,Maddilapalem,"Door no 9-40-10/5, Near Kaka Bharathi, Pithapuram Colony, Maddilapalem, Visakhapatnam-530013, Andhra Pradesh",Sri Kanaka Durga Ladies Hostel,Female,Yes,2 Sharing,No,1,17.73772464,83.32170333,9500
Visakhapatnam,Vizag,Maddilapalem,"Door No 9-8-4/1, Near ICAI Bhavan CMR Central, Maddilapalem Village, Visakhapatnam-530003",MS Ladies Hostel,Female,No,2 Sharing,Yes,1,17.73772464,83.32170333,10000
Visakhapatnam,Vizag,Maddilapalem,"Door No 9-8-4/1, Near ICAI Bhavan CMR Central, Maddilapalem Village, Visakhapatnam-530003",MS Ladies Hostel,Female,Yes,Single,No,1,17.73772464,83.32170333,9500
Visakhapatnam,Vizag,Maddilapalem,"Door No 9-8-4/1, Near ICAI Bhavan CMR Central, Maddilapalem Village, Visakhapatnam-530003",MS Ladies Hostel,Female,Yes,4 Sharing,No,1,17.73772464,83.32170333,7500
Visakhapatnam,Vizag,Maddilapalem,"Door No 9-8-4/1, Near ICAI Bhavan CMR Central, Maddilapalem Village, Visakhapatnam-530003",MS Ladies Hostel,Female,Yes,2 Sharing,No,1,17.73772464,83.32170333,9500
Visakhapatnam,Vizag,Maddilapalem,"Door No 9-8-4/1, Near ICAI Bhavan CMR Central, Maddilapalem Village, Visakhapatnam-530003",MS Ladies Hostel,Female,Yes,4 Sharing,Yes,1,17.73772464,83.32170333,9000
Visakhapatnam,Vizag,Maddilapalem,"Door No 9-8-4/1, Near ICAI Bhavan CMR Central, Maddilapalem Village, Visakhapatnam-530003",MS Ladies Hostel,Female,Yes,3 Sharing,No,1,17.73772464,83.32170333,8500
Visakhapatnam,Vizag,Seethammadhara,"Door No 50-111-5, Opposite Old, Near TPT Colony, Seethammadhara, Visakhapatnam-530013, Andhra Pradesh",Annapoorna Ladies Hostel,Female,Yes,2 Sharing,Yes,1.6,17.74217559,83.30907646,10000
Visakhapatnam,Vizag,Seethammadhara,"Door No 50-111-5, Opposite Old, Near TPT Colony, Seethammadhara, Visakhapatnam-530013, Andhra Pradesh",Annapoorna Ladies Hostel,Female,No,3 Sharing,No,1.6,17.74217559,83.30907646,6500
Visakhapatnam,Vizag,Seethammadhara,"Door No 50-111-5, Opposite Old, Near TPT Colony, Seethammadhara, Visakhapatnam-530013, Andhra Pradesh",Annapoorna Ladies Hostel,Female,No,2 Sharing,No,1.6,17.74217559,83.30907646,5500
Visakhapatnam,Vizag,Seethammadhara,"Door No 50-111-5, Opposite Old, Near TPT Colony, Seethammadhara, Visakhapatnam-530013, Andhra Pradesh",Annapoorna Ladies Hostel,Female,Yes,4 Sharing,No,1.6,17.74217559,83.30907646,8500
Visakhapatnam,Vizag,Seethammadhara,"Door No 50-111-5, Opposite Old, Near TPT Colony, Seethammadhara, Visakhapatnam-530013, Andhra Pradesh",Annapoorna Ladies Hostel,Female,Yes,Single,No,1.6,17.74217559,83.30907646,12500
Visakhapatnam,Vizag,Seethammadhara,"Door No 30-9-13/4, Opposite Bhumatha Gayatri Nivas, Near Vinayaka Temple, Seethammapeta Junction, Visakhapatnam-530016, Andhra Pradesh",Sai Ram Boys Hostel,Male,Yes,2 Sharing,Yes,1.6,17.74217559,83.30907646,11000
Visakhapatnam,Vizag,Seethammadhara,"Door No 30-9-13/4, Opposite Bhumatha Gayatri Nivas, Near Vinayaka Temple, Seethammapeta Junction, Visakhapatnam-530016, Andhra Pradesh",Sai Ram Boys Hostel,Male,Yes,Single,Yes,1.6,17.74217559,83.30907646,13000
Visakhapatnam,Vizag,Seethammadhara,"Door No 30-9-13/4, Opposite Bhumatha Gayatri Nivas, Near Vinayaka Temple, Seethammapeta Junction, Visakhapatnam-530016, Andhra Pradesh",Sai Ram Boys Hostel,Male,Yes,3 Sharing,No,1.6,17.74217559,83.30907646,8500
Visakhapatnam,Vizag,Seethammadhara,"Door No 30-9-13/4, Opposite Bhumatha Gayatri Nivas, Near Vinayaka Temple, Seethammapeta Junction, Visakhapatnam-530016, Andhra Pradesh",Sai Ram Boys Hostel,Male,No,2 Sharing,No,1.6,17.74217559,83.30907646,5500
Visakhapatnam,Vizag,Seethammadhara,"Door No 30-9-13/4, Opposite Bhumatha Gayatri Nivas, Near Vinayaka Temple, Seethammapeta Junction, Visakhapatnam-530016, Andhra Pradesh",Sai Ram Boys Hostel,Male,Yes,4 Sharing,No,1.6,17.74217559,83.30907646,7500
Visakhapatnam,Vizag,Seethammadhara,"Opp VIMS Hospital Road, Seethammadhara, Visakhapatnam - 530013",Green Valley Boys PG,Male,No,2 Sharing,No,1.6,17.74217559,83.30907646,8000
Visakhapatnam,Vizag,Seethammadhara,"Opp VIMS Hospital Road, Seethammadhara, Visakhapatnam - 530013",Green Valley Boys PG,Male,Yes,3 Sharing,No,1.6,17.74217559,83.30907646,7500
Visakhapatnam,Vizag,Seethammadhara,"Opp VIMS Hospital Road, Seethammadhara, Visakhapatnam - 530013",Green Valley Boys PG,Male,Yes,2 Sharing,Yes,1.6,17.74217559,83.30907646,10000
Visakhapatnam,Vizag,Seethammadhara,"Opp VIMS Hospital Road, Seethammadhara, Visakhapatnam - 530013",Green Valley Boys PG,Male,No,4 Sharing,No,1.6,17.74217559,83.30907646,5500
Visakhapatnam,Vizag,Seethammadhara,"Opp VIMS Hospital Road, Seethammadhara, Visakhapatnam - 530013",Green Valley Boys PG,Male,No,3 Sharing,No,1.6,17.74217559,83.30907646,6000
Visakhapatnam,Vizag,Seethammadhara,"Near HB Colony Road, Seethammadhara, Visakhapatnam - 530013",Modern Ladies Hostel,Female,No,4 Sharing,No,1.6,17.74217559,83.30907646,5000
Visakhapatnam,Vizag,Seethammadhara,"Near HB Colony Road, Seethammadhara, Visakhapatnam - 530013",Modern Ladies Hostel,Female,Yes,3 Sharing,No,1.6,17.74217559,83.30907646,7500
Visakhapatnam,Vizag,Seethammadhara,"Near HB Colony Road, Seethammadhara, Visakhapatnam - 530013",Modern Ladies Hostel,Female,Yes,Single,Yes,1.6,17.74217559,83.30907646,13000
Visakhapatnam,Vizag,Seethammadhara,"Near HB Colony Road, Seethammadhara, Visakhapatnam - 530013",Modern Ladies Hostel,Female,No,3 Sharing,No,1.6,17.74217559,83.30907646,6000
Visakhapatnam,Vizag,Seethammadhara,"Near HB Colony Road, Seethammadhara, Visakhapatnam - 530013",Modern Ladies Hostel,Female,No,2 Sharing,No,1.6,17.74217559,83.30907646,6500
